ZIP,Year,Median_Rent,Source
90280,2012,975.0,Census_ACS5
90290,2012,1967.0,Census_ACS5
90291,2012,1513.0,Census_ACS5
90292,2012,2001.0,Census_ACS5
90293,2012,1824.0,Census_ACS5
90301,2012,1037.0,Census_ACS5
90302,2012,1075.0,Census_ACS5
90303,2012,1060.0,Census_ACS5
90304,2012,954.0,Census_ACS5
90305,2012,1192.0,Census_ACS5
90401,2012,1365.0,Census_ACS5
90402,2012,1812.0,Census_ACS5
90403,2012,1615.0,Census_ACS5
90404,2012,1393.0,Census_ACS5
90405,2012,1456.0,Census_ACS5
90501,2012,1170.0,Census_ACS5
90502,2012,1162.0,Census_ACS5
90503,2012,1423.0,Census_ACS5
90504,2012,1335.0,Census_ACS5
90505,2012,1438.0,Census_ACS5
90601,2012,1223.0,Census_ACS5
90602,2012,1047.0,Census_ACS5
90603,2012,1592.0,Census_ACS5
90604,2012,1231.0,Census_ACS5
90605,2012,1210.0,Census_ACS5
90606,2012,1205.0,Census_ACS5
90631,2012,1281.0,Census_ACS5
90638,2012,1407.0,Census_ACS5
90640,2012,1116.0,Census_ACS5
90650,2012,1260.0,Census_ACS5
90660,2012,1211.0,Census_ACS5
90670,2012,1215.0,Census_ACS5
90701,2012,1337.0,Census_ACS5
90703,2012,1890.0,Census_ACS5
90704,2012,1179.0,Census_ACS5
90706,2012,1173.0,Census_ACS5
90710,2012,1050.0,Census_ACS5
90712,2012,1459.0,Census_ACS5
90713,2012,1744.0,Census_ACS5
90715,2012,1470.0,Census_ACS5
90716,2012,1221.0,Census_ACS5
90717,2012,1182.0,Census_ACS5
90723,2012,1155.0,Census_ACS5
90731,2012,1107.0,Census_ACS5
90732,2012,1516.0,Census_ACS5
90744,2012,982.0,Census_ACS5
90745,2012,1265.0,Census_ACS5
90746,2012,1759.0,Census_ACS5
90755,2012,1084.0,Census_ACS5
90802,2012,1032.0,Census_ACS5
90803,2012,1315.0,Census_ACS5
90804,2012,1111.0,Census_ACS5
90805,2012,1018.0,Census_ACS5
90806,2012,1016.0,Census_ACS5
90807,2012,1174.0,Census_ACS5
90808,2012,1397.0,Census_ACS5
90810,2012,985.0,Census_ACS5
90813,2012,936.0,Census_ACS5
90814,2012,1162.0,Census_ACS5
90815,2012,1564.0,Census_ACS5
90822,2012,-666666666.0,Census_ACS5
90831,2012,-666666666.0,Census_ACS5
91001,2012,1399.0,Census_ACS5
91006,2012,1452.0,Census_ACS5
91007,2012,1425.0,Census_ACS5
91010,2012,1245.0,Census_ACS5
91011,2012,2001.0,Census_ACS5
91016,2012,1312.0,Census_ACS5
91020,2012,1227.0,Census_ACS5
91024,2012,1474.0,Census_ACS5
91030,2012,1399.0,Census_ACS5
91040,2012,1203.0,Census_ACS5
91042,2012,1153.0,Census_ACS5
91046,2012,1140.0,Census_ACS5
91101,2012,1370.0,Census_ACS5
91103,2012,1132.0,Census_ACS5
91104,2012,1246.0,Census_ACS5
91105,2012,1805.0,Census_ACS5
91106,2012,1394.0,Census_ACS5
91107,2012,1335.0,Census_ACS5
91108,2012,2001.0,Census_ACS5
91201,2012,1301.0,Census_ACS5
91202,2012,1492.0,Census_ACS5
91203,2012,1194.0,Census_ACS5
91204,2012,1160.0,Census_ACS5
91205,2012,1204.0,Census_ACS5
91206,2012,1283.0,Census_ACS5
91207,2012,1439.0,Census_ACS5
91208,2012,1530.0,Census_ACS5
91214,2012,1581.0,Census_ACS5
91301,2012,1933.0,Census_ACS5
91302,2012,1882.0,Census_ACS5
91303,2012,1210.0,Census_ACS5
91304,2012,1185.0,Census_ACS5
91306,2012,1143.0,Census_ACS5
91307,2012,2001.0,Census_ACS5
91311,2012,1446.0,Census_ACS5
91316,2012,1425.0,Census_ACS5
91321,2012,1282.0,Census_ACS5
91324,2012,1321.0,Census_ACS5
91325,2012,1258.0,Census_ACS5
91326,2012,1677.0,Census_ACS5
91331,2012,1231.0,Census_ACS5
91335,2012,1179.0,Census_ACS5
91340,2012,1198.0,Census_ACS5
91342,2012,1300.0,Census_ACS5
91343,2012,1124.0,Census_ACS5
91344,2012,1524.0,Census_ACS5
91345,2012,1289.0,Census_ACS5
91350,2012,1563.0,Census_ACS5
91351,2012,1388.0,Census_ACS5
91352,2012,1130.0,Census_ACS5
91354,2012,1929.0,Census_ACS5
91355,2012,1719.0,Census_ACS5
91356,2012,1205.0,Census_ACS5
91361,2012,1928.0,Census_ACS5
91362,2012,1803.0,Census_ACS5
91364,2012,1741.0,Census_ACS5
91367,2012,1710.0,Census_ACS5
91381,2012,1773.0,Census_ACS5
91384,2012,1345.0,Census_ACS5
91387,2012,1601.0,Census_ACS5
91390,2012,1449.0,Census_ACS5
91401,2012,1125.0,Census_ACS5
91402,2012,1091.0,Census_ACS5
91403,2012,1500.0,Census_ACS5
91405,2012,1053.0,Census_ACS5
91406,2012,1130.0,Census_ACS5
91411,2012,1155.0,Census_ACS5
91423,2012,1497.0,Census_ACS5
91436,2012,2001.0,Census_ACS5
91501,2012,1419.0,Census_ACS5
91502,2012,1209.0,Census_ACS5
91504,2012,1358.0,Census_ACS5
91505,2012,1418.0,Census_ACS5
91506,2012,1303.0,Census_ACS5
91601,2012,1228.0,Census_ACS5
91602,2012,1345.0,Census_ACS5
91604,2012,1634.0,Census_ACS5
91605,2012,1044.0,Census_ACS5
91606,2012,1073.0,Census_ACS5
91607,2012,1268.0,Census_ACS5
91608,2012,-666666666.0,Census_ACS5
91702,2012,1208.0,Census_ACS5
91706,2012,1184.0,Census_ACS5
91711,2012,1253.0,Census_ACS5
91722,2012,1431.0,Census_ACS5
91723,2012,1125.0,Census_ACS5
91724,2012,1335.0,Census_ACS5
91731,2012,1020.0,Census_ACS5
91732,2012,1100.0,Census_ACS5
91733,2012,1071.0,Census_ACS5
91740,2012,1390.0,Census_ACS5
91741,2012,1426.0,Census_ACS5
91744,2012,1226.0,Census_ACS5
91745,2012,1531.0,Census_ACS5
91746,2012,1290.0,Census_ACS5
91748,2012,1307.0,Census_ACS5
91750,2012,1239.0,Census_ACS5
91754,2012,1188.0,Census_ACS5
91755,2012,1258.0,Census_ACS5
91759,2012,1813.0,Census_ACS5
91765,2012,1740.0,Census_ACS5
91766,2012,1145.0,Census_ACS5
91767,2012,1071.0,Census_ACS5
91768,2012,955.0,Census_ACS5
91770,2012,1174.0,Census_ACS5
91773,2012,1541.0,Census_ACS5
91775,2012,1270.0,Census_ACS5
91776,2012,1221.0,Census_ACS5
91780,2012,1310.0,Census_ACS5
91789,2012,1747.0,Census_ACS5
91790,2012,1339.0,Census_ACS5
91791,2012,1332.0,Census_ACS5
91792,2012,1485.0,Census_ACS5
91801,2012,1203.0,Census_ACS5
91803,2012,1146.0,Census_ACS5
92397,2012,1088.0,Census_ACS5
93243,2012,709.0,Census_ACS5
93510,2012,1926.0,Census_ACS5
93532,2012,1257.0,Census_ACS5
93534,2012,938.0,Census_ACS5
93535,2012,1166.0,Census_ACS5
93536,2012,1201.0,Census_ACS5
93543,2012,1304.0,Census_ACS5
93544,2012,1708.0,Census_ACS5
93550,2012,1018.0,Census_ACS5
93551,2012,1601.0,Census_ACS5
93552,2012,1468.0,Census_ACS5
93553,2012,906.0,Census_ACS5
93563,2012,-666666666.0,Census_ACS5
93591,2012,1140.0,Census_ACS5
90001,2012,950.0,Census_ACS5
90002,2012,940.0,Census_ACS5
90003,2012,999.0,Census_ACS5
90004,2012,1040.0,Census_ACS5
90005,2012,920.0,Census_ACS5
90006,2012,897.0,Census_ACS5
90007,2012,963.0,Census_ACS5
90008,2012,1000.0,Census_ACS5
90010,2012,1633.0,Census_ACS5
90011,2012,964.0,Census_ACS5
90012,2012,975.0,Census_ACS5
90013,2012,536.0,Census_ACS5
90014,2012,441.0,Census_ACS5
90015,2012,794.0,Census_ACS5
90016,2012,1023.0,Census_ACS5
90017,2012,823.0,Census_ACS5
90018,2012,954.0,Census_ACS5
90019,2012,1113.0,Census_ACS5
90020,2012,1099.0,Census_ACS5
90021,2012,441.0,Census_ACS5
90022,2012,930.0,Census_ACS5
90023,2012,972.0,Census_ACS5
90024,2012,1772.0,Census_ACS5
90025,2012,1540.0,Census_ACS5
90026,2012,1038.0,Census_ACS5
90027,2012,1149.0,Census_ACS5
90028,2012,1060.0,Census_ACS5
90029,2012,954.0,Census_ACS5
90031,2012,956.0,Census_ACS5
90032,2012,1028.0,Census_ACS5
90033,2012,889.0,Census_ACS5
90034,2012,1363.0,Census_ACS5
90035,2012,1616.0,Census_ACS5
90036,2012,1774.0,Census_ACS5
90037,2012,898.0,Census_ACS5
90038,2012,1013.0,Census_ACS5
90039,2012,1248.0,Census_ACS5
90040,2012,903.0,Census_ACS5
90041,2012,1199.0,Census_ACS5
90042,2012,1087.0,Census_ACS5
90043,2012,1013.0,Census_ACS5
90044,2012,961.0,Census_ACS5
90045,2012,1647.0,Census_ACS5
90046,2012,1340.0,Census_ACS5
90047,2012,979.0,Census_ACS5
90048,2012,1639.0,Census_ACS5
90049,2012,1817.0,Census_ACS5
90056,2012,1589.0,Census_ACS5
90057,2012,874.0,Census_ACS5
90058,2012,695.0,Census_ACS5
90059,2012,935.0,Census_ACS5
90061,2012,1029.0,Census_ACS5
90062,2012,993.0,Census_ACS5
90063,2012,964.0,Census_ACS5
90064,2012,1615.0,Census_ACS5
90065,2012,1055.0,Census_ACS5
90066,2012,1359.0,Census_ACS5
90067,2012,2001.0,Census_ACS5
90068,2012,1409.0,Census_ACS5
90069,2012,1509.0,Census_ACS5
90071,2012,-666666666.0,Census_ACS5
90073,2012,-666666666.0,Census_ACS5
90077,2012,1847.0,Census_ACS5
90094,2012,2001.0,Census_ACS5
90095,2012,-666666666.0,Census_ACS5
90201,2012,1058.0,Census_ACS5
90210,2012,1883.0,Census_ACS5
90211,2012,1743.0,Census_ACS5
90212,2012,1955.0,Census_ACS5
90220,2012,1003.0,Census_ACS5
90221,2012,1069.0,Census_ACS5
90222,2012,989.0,Census_ACS5
90230,2012,1433.0,Census_ACS5
90232,2012,1363.0,Census_ACS5
90240,2012,1227.0,Census_ACS5
90241,2012,1196.0,Census_ACS5
90242,2012,1206.0,Census_ACS5
90245,2012,1464.0,Census_ACS5
90247,2012,1076.0,Census_ACS5
90248,2012,998.0,Census_ACS5
90249,2012,1018.0,Census_ACS5
90250,2012,1029.0,Census_ACS5
90254,2012,1812.0,Census_ACS5
90255,2012,927.0,Census_ACS5
90260,2012,1353.0,Census_ACS5
90262,2012,1006.0,Census_ACS5
90263,2012,-666666666.0,Census_ACS5
90265,2012,2001.0,Census_ACS5
90266,2012,1999.0,Census_ACS5
90270,2012,984.0,Census_ACS5
90272,2012,2001.0,Census_ACS5
90274,2012,2001.0,Census_ACS5
90275,2012,2001.0,Census_ACS5
90277,2012,1722.0,Census_ACS5
90278,2012,1579.0,Census_ACS5
90057,2013,876.0,Census_ACS5
90058,2013,641.0,Census_ACS5
90059,2013,898.0,Census_ACS5
90061,2013,1093.0,Census_ACS5
90062,2013,1009.0,Census_ACS5
90063,2013,1012.0,Census_ACS5
90064,2013,1672.0,Census_ACS5
90065,2013,1082.0,Census_ACS5
90066,2013,1381.0,Census_ACS5
90067,2013,2001.0,Census_ACS5
90068,2013,1431.0,Census_ACS5
90069,2013,1532.0,Census_ACS5
90071,2013,-666666666.0,Census_ACS5
90073,2013,-666666666.0,Census_ACS5
90077,2013,1991.0,Census_ACS5
90094,2013,2001.0,Census_ACS5
90095,2013,-666666666.0,Census_ACS5
90201,2013,1077.0,Census_ACS5
90210,2013,2001.0,Census_ACS5
90211,2013,1738.0,Census_ACS5
90212,2013,1918.0,Census_ACS5
90220,2013,1023.0,Census_ACS5
90221,2013,1070.0,Census_ACS5
90222,2013,1018.0,Census_ACS5
90230,2013,1488.0,Census_ACS5
90232,2013,1418.0,Census_ACS5
90240,2013,1307.0,Census_ACS5
90241,2013,1194.0,Census_ACS5
90242,2013,1221.0,Census_ACS5
90245,2013,1490.0,Census_ACS5
90247,2013,1082.0,Census_ACS5
90248,2013,1058.0,Census_ACS5
90249,2013,1013.0,Census_ACS5
90250,2013,1034.0,Census_ACS5
90254,2013,1845.0,Census_ACS5
90255,2013,938.0,Census_ACS5
90260,2013,1350.0,Census_ACS5
90262,2013,1013.0,Census_ACS5
90263,2013,-666666666.0,Census_ACS5
90265,2013,2001.0,Census_ACS5
90266,2013,1995.0,Census_ACS5
90270,2013,1005.0,Census_ACS5
90272,2013,2001.0,Census_ACS5
90274,2013,2001.0,Census_ACS5
90275,2013,2001.0,Census_ACS5
90277,2013,1726.0,Census_ACS5
90278,2013,1612.0,Census_ACS5
90280,2013,984.0,Census_ACS5
90290,2013,1933.0,Census_ACS5
90291,2013,1618.0,Census_ACS5
90292,2013,2001.0,Census_ACS5
90293,2013,1838.0,Census_ACS5
90301,2013,1047.0,Census_ACS5
90302,2013,1063.0,Census_ACS5
90303,2013,1103.0,Census_ACS5
90304,2013,979.0,Census_ACS5
90305,2013,1228.0,Census_ACS5
90401,2013,1434.0,Census_ACS5
90402,2013,1844.0,Census_ACS5
90403,2013,1649.0,Census_ACS5
90404,2013,1397.0,Census_ACS5
90405,2013,1509.0,Census_ACS5
90501,2013,1186.0,Census_ACS5
90502,2013,1160.0,Census_ACS5
90503,2013,1455.0,Census_ACS5
90504,2013,1345.0,Census_ACS5
90505,2013,1471.0,Census_ACS5
90601,2013,1278.0,Census_ACS5
90602,2013,1065.0,Census_ACS5
90603,2013,1650.0,Census_ACS5
90604,2013,1281.0,Census_ACS5
90605,2013,1213.0,Census_ACS5
90606,2013,1187.0,Census_ACS5
90631,2013,1300.0,Census_ACS5
90638,2013,1457.0,Census_ACS5
90640,2013,1117.0,Census_ACS5
90650,2013,1306.0,Census_ACS5
90660,2013,1256.0,Census_ACS5
90670,2013,1262.0,Census_ACS5
90701,2013,1361.0,Census_ACS5
90703,2013,1958.0,Census_ACS5
90704,2013,1338.0,Census_ACS5
90706,2013,1179.0,Census_ACS5
90710,2013,1045.0,Census_ACS5
90712,2013,1531.0,Census_ACS5
90713,2013,1837.0,Census_ACS5
90715,2013,1462.0,Census_ACS5
90716,2013,1231.0,Census_ACS5
90717,2013,1207.0,Census_ACS5
90723,2013,1172.0,Census_ACS5
90731,2013,1109.0,Census_ACS5
90732,2013,1624.0,Census_ACS5
90744,2013,988.0,Census_ACS5
90745,2013,1314.0,Census_ACS5
90746,2013,1746.0,Census_ACS5
90755,2013,1122.0,Census_ACS5
90802,2013,1032.0,Census_ACS5
90803,2013,1344.0,Census_ACS5
90804,2013,1114.0,Census_ACS5
90805,2013,1031.0,Census_ACS5
90806,2013,1037.0,Census_ACS5
90807,2013,1204.0,Census_ACS5
90808,2013,1438.0,Census_ACS5
90810,2013,1014.0,Census_ACS5
90813,2013,951.0,Census_ACS5
90814,2013,1186.0,Census_ACS5
90815,2013,1527.0,Census_ACS5
90822,2013,-666666666.0,Census_ACS5
90831,2013,-666666666.0,Census_ACS5
91001,2013,1445.0,Census_ACS5
91006,2013,1426.0,Census_ACS5
91007,2013,1416.0,Census_ACS5
91010,2013,1229.0,Census_ACS5
91011,2013,1906.0,Census_ACS5
91016,2013,1280.0,Census_ACS5
91020,2013,1281.0,Census_ACS5
91024,2013,1483.0,Census_ACS5
91030,2013,1406.0,Census_ACS5
91040,2013,1193.0,Census_ACS5
91042,2013,1133.0,Census_ACS5
91046,2013,1115.0,Census_ACS5
91101,2013,1360.0,Census_ACS5
91103,2013,1215.0,Census_ACS5
91104,2013,1241.0,Census_ACS5
91105,2013,1824.0,Census_ACS5
91106,2013,1408.0,Census_ACS5
91107,2013,1328.0,Census_ACS5
91108,2013,2001.0,Census_ACS5
91201,2013,1309.0,Census_ACS5
91202,2013,1503.0,Census_ACS5
91203,2013,1258.0,Census_ACS5
91204,2013,1155.0,Census_ACS5
91205,2013,1214.0,Census_ACS5
91206,2013,1259.0,Census_ACS5
91207,2013,1439.0,Census_ACS5
91208,2013,1554.0,Census_ACS5
91214,2013,1641.0,Census_ACS5
91301,2013,1975.0,Census_ACS5
91302,2013,1981.0,Census_ACS5
91303,2013,1211.0,Census_ACS5
91304,2013,1197.0,Census_ACS5
91306,2013,1140.0,Census_ACS5
91307,2013,2001.0,Census_ACS5
91311,2013,1376.0,Census_ACS5
91316,2013,1434.0,Census_ACS5
91321,2013,1334.0,Census_ACS5
91324,2013,1374.0,Census_ACS5
91325,2013,1291.0,Census_ACS5
91326,2013,1692.0,Census_ACS5
91331,2013,1299.0,Census_ACS5
91335,2013,1186.0,Census_ACS5
91340,2013,1194.0,Census_ACS5
91342,2013,1313.0,Census_ACS5
91343,2013,1141.0,Census_ACS5
91344,2013,1546.0,Census_ACS5
91345,2013,1279.0,Census_ACS5
91350,2013,1572.0,Census_ACS5
91351,2013,1431.0,Census_ACS5
91352,2013,1145.0,Census_ACS5
91354,2013,1914.0,Census_ACS5
91355,2013,1670.0,Census_ACS5
91356,2013,1224.0,Census_ACS5
91361,2013,1901.0,Census_ACS5
91362,2013,1794.0,Census_ACS5
91364,2013,1811.0,Census_ACS5
91367,2013,1705.0,Census_ACS5
91381,2013,1750.0,Census_ACS5
91384,2013,1311.0,Census_ACS5
91387,2013,1599.0,Census_ACS5
91390,2013,1382.0,Census_ACS5
91401,2013,1144.0,Census_ACS5
91402,2013,1077.0,Census_ACS5
91403,2013,1516.0,Census_ACS5
91405,2013,1078.0,Census_ACS5
91406,2013,1125.0,Census_ACS5
91411,2013,1156.0,Census_ACS5
91423,2013,1466.0,Census_ACS5
91436,2013,2001.0,Census_ACS5
91501,2013,1420.0,Census_ACS5
91502,2013,1223.0,Census_ACS5
91504,2013,1315.0,Census_ACS5
91505,2013,1469.0,Census_ACS5
91506,2013,1307.0,Census_ACS5
91601,2013,1268.0,Census_ACS5
91602,2013,1399.0,Census_ACS5
91604,2013,1652.0,Census_ACS5
91605,2013,1074.0,Census_ACS5
91606,2013,1103.0,Census_ACS5
91607,2013,1259.0,Census_ACS5
91608,2013,-666666666.0,Census_ACS5
91702,2013,1218.0,Census_ACS5
91706,2013,1190.0,Census_ACS5
91711,2013,1248.0,Census_ACS5
91722,2013,1381.0,Census_ACS5
91723,2013,1169.0,Census_ACS5
91724,2013,1376.0,Census_ACS5
91731,2013,1005.0,Census_ACS5
91732,2013,1115.0,Census_ACS5
91733,2013,1077.0,Census_ACS5
91740,2013,1392.0,Census_ACS5
91741,2013,1519.0,Census_ACS5
91744,2013,1221.0,Census_ACS5
91745,2013,1578.0,Census_ACS5
91746,2013,1298.0,Census_ACS5
91748,2013,1323.0,Census_ACS5
91750,2013,1321.0,Census_ACS5
91754,2013,1187.0,Census_ACS5
91755,2013,1225.0,Census_ACS5
91759,2013,1750.0,Census_ACS5
91765,2013,1762.0,Census_ACS5
91766,2013,1163.0,Census_ACS5
91767,2013,1110.0,Census_ACS5
91768,2013,976.0,Census_ACS5
91770,2013,1190.0,Census_ACS5
91773,2013,1567.0,Census_ACS5
91775,2013,1279.0,Census_ACS5
91776,2013,1221.0,Census_ACS5
91780,2013,1326.0,Census_ACS5
91789,2013,1841.0,Census_ACS5
91790,2013,1350.0,Census_ACS5
91791,2013,1318.0,Census_ACS5
91792,2013,1450.0,Census_ACS5
91801,2013,1233.0,Census_ACS5
91803,2013,1167.0,Census_ACS5
92397,2013,1085.0,Census_ACS5
93243,2013,738.0,Census_ACS5
93510,2013,1764.0,Census_ACS5
93532,2013,1338.0,Census_ACS5
93534,2013,935.0,Census_ACS5
93535,2013,1143.0,Census_ACS5
93536,2013,1217.0,Census_ACS5
93543,2013,1471.0,Census_ACS5
93544,2013,-666666666.0,Census_ACS5
93550,2013,994.0,Census_ACS5
93551,2013,1582.0,Census_ACS5
93552,2013,1458.0,Census_ACS5
93553,2013,833.0,Census_ACS5
93563,2013,-666666666.0,Census_ACS5
93591,2013,1157.0,Census_ACS5
90001,2013,962.0,Census_ACS5
90002,2013,952.0,Census_ACS5
90003,2013,1039.0,Census_ACS5
90004,2013,1064.0,Census_ACS5
90005,2013,936.0,Census_ACS5
90006,2013,914.0,Census_ACS5
90007,2013,1000.0,Census_ACS5
90008,2013,1016.0,Census_ACS5
90010,2013,1633.0,Census_ACS5
90011,2013,978.0,Census_ACS5
90012,2013,1047.0,Census_ACS5
90013,2013,587.0,Census_ACS5
90014,2013,562.0,Census_ACS5
90015,2013,841.0,Census_ACS5
90016,2013,1045.0,Census_ACS5
90017,2013,824.0,Census_ACS5
90018,2013,966.0,Census_ACS5
90019,2013,1120.0,Census_ACS5
90020,2013,1107.0,Census_ACS5
90021,2013,517.0,Census_ACS5
90022,2013,956.0,Census_ACS5
90023,2013,978.0,Census_ACS5
90024,2013,1830.0,Census_ACS5
90025,2013,1576.0,Census_ACS5
90026,2013,1070.0,Census_ACS5
90027,2013,1178.0,Census_ACS5
90028,2013,1101.0,Census_ACS5
90029,2013,966.0,Census_ACS5
90031,2013,963.0,Census_ACS5
90032,2013,1068.0,Census_ACS5
90033,2013,891.0,Census_ACS5
90034,2013,1371.0,Census_ACS5
90035,2013,1641.0,Census_ACS5
90036,2013,1791.0,Census_ACS5
90037,2013,951.0,Census_ACS5
90038,2013,1037.0,Census_ACS5
90039,2013,1259.0,Census_ACS5
90040,2013,879.0,Census_ACS5
90041,2013,1211.0,Census_ACS5
90042,2013,1125.0,Census_ACS5
90043,2013,1037.0,Census_ACS5
90044,2013,968.0,Census_ACS5
90045,2013,1659.0,Census_ACS5
90046,2013,1368.0,Census_ACS5
90047,2013,1021.0,Census_ACS5
90048,2013,1679.0,Census_ACS5
90049,2013,1846.0,Census_ACS5
90056,2013,1506.0,Census_ACS5
93243,2014,778.0,Census_ACS5
93510,2014,1806.0,Census_ACS5
93532,2014,1052.0,Census_ACS5
93534,2014,929.0,Census_ACS5
93535,2014,1139.0,Census_ACS5
93536,2014,1290.0,Census_ACS5
93543,2014,1452.0,Census_ACS5
93544,2014,-666666666.0,Census_ACS5
93550,2014,992.0,Census_ACS5
93551,2014,1585.0,Census_ACS5
93552,2014,1482.0,Census_ACS5
93553,2014,789.0,Census_ACS5
93563,2014,967.0,Census_ACS5
93591,2014,1118.0,Census_ACS5
90001,2014,975.0,Census_ACS5
90002,2014,968.0,Census_ACS5
90003,2014,1064.0,Census_ACS5
90004,2014,1070.0,Census_ACS5
90005,2014,939.0,Census_ACS5
90006,2014,940.0,Census_ACS5
90007,2014,1038.0,Census_ACS5
90008,2014,1032.0,Census_ACS5
90010,2014,1637.0,Census_ACS5
90011,2014,993.0,Census_ACS5
90012,2014,1116.0,Census_ACS5
90013,2014,686.0,Census_ACS5
90014,2014,615.0,Census_ACS5
90015,2014,866.0,Census_ACS5
90016,2014,1086.0,Census_ACS5
90017,2014,848.0,Census_ACS5
90018,2014,967.0,Census_ACS5
90019,2014,1135.0,Census_ACS5
90020,2014,1119.0,Census_ACS5
90021,2014,408.0,Census_ACS5
90022,2014,977.0,Census_ACS5
90023,2014,960.0,Census_ACS5
90024,2014,1862.0,Census_ACS5
90025,2014,1609.0,Census_ACS5
90026,2014,1094.0,Census_ACS5
90027,2014,1219.0,Census_ACS5
90028,2014,1137.0,Census_ACS5
90029,2014,977.0,Census_ACS5
90031,2014,996.0,Census_ACS5
90032,2014,1090.0,Census_ACS5
90033,2014,908.0,Census_ACS5
90034,2014,1402.0,Census_ACS5
90035,2014,1679.0,Census_ACS5
90036,2014,1818.0,Census_ACS5
90037,2014,959.0,Census_ACS5
90038,2014,1036.0,Census_ACS5
90039,2014,1330.0,Census_ACS5
90040,2014,875.0,Census_ACS5
90041,2014,1199.0,Census_ACS5
90042,2014,1169.0,Census_ACS5
90043,2014,1028.0,Census_ACS5
90044,2014,986.0,Census_ACS5
90045,2014,1690.0,Census_ACS5
90046,2014,1403.0,Census_ACS5
90047,2014,1072.0,Census_ACS5
90048,2014,1695.0,Census_ACS5
90049,2014,1872.0,Census_ACS5
90056,2014,1462.0,Census_ACS5
90057,2014,872.0,Census_ACS5
90058,2014,645.0,Census_ACS5
90059,2014,899.0,Census_ACS5
90061,2014,1114.0,Census_ACS5
90062,2014,1013.0,Census_ACS5
90063,2014,1014.0,Census_ACS5
90064,2014,1690.0,Census_ACS5
90065,2014,1116.0,Census_ACS5
90066,2014,1434.0,Census_ACS5
90067,2014,2001.0,Census_ACS5
90068,2014,1443.0,Census_ACS5
90069,2014,1570.0,Census_ACS5
90071,2014,-666666666.0,Census_ACS5
90073,2014,-666666666.0,Census_ACS5
90077,2014,2001.0,Census_ACS5
90094,2014,2001.0,Census_ACS5
90095,2014,-666666666.0,Census_ACS5
90201,2014,1089.0,Census_ACS5
90210,2014,2001.0,Census_ACS5
90211,2014,1773.0,Census_ACS5
90212,2014,1902.0,Census_ACS5
90220,2014,1070.0,Census_ACS5
90221,2014,1104.0,Census_ACS5
90222,2014,1049.0,Census_ACS5
90230,2014,1531.0,Census_ACS5
90232,2014,1470.0,Census_ACS5
90240,2014,1351.0,Census_ACS5
90241,2014,1197.0,Census_ACS5
90242,2014,1233.0,Census_ACS5
90245,2014,1555.0,Census_ACS5
90247,2014,1104.0,Census_ACS5
90248,2014,1134.0,Census_ACS5
90249,2014,1034.0,Census_ACS5
90250,2014,1060.0,Census_ACS5
90254,2014,1865.0,Census_ACS5
90255,2014,939.0,Census_ACS5
90260,2014,1350.0,Census_ACS5
90262,2014,1046.0,Census_ACS5
90263,2014,-666666666.0,Census_ACS5
90265,2014,2001.0,Census_ACS5
90266,2014,1987.0,Census_ACS5
90270,2014,1001.0,Census_ACS5
90272,2014,2001.0,Census_ACS5
90274,2014,2001.0,Census_ACS5
90275,2014,2001.0,Census_ACS5
90277,2014,1762.0,Census_ACS5
90278,2014,1649.0,Census_ACS5
90280,2014,993.0,Census_ACS5
90290,2014,1961.0,Census_ACS5
90291,2014,1718.0,Census_ACS5
90292,2014,2001.0,Census_ACS5
90293,2014,1767.0,Census_ACS5
90301,2014,1063.0,Census_ACS5
90302,2014,1092.0,Census_ACS5
90303,2014,1119.0,Census_ACS5
90304,2014,993.0,Census_ACS5
90305,2014,1216.0,Census_ACS5
90401,2014,1552.0,Census_ACS5
90402,2014,1849.0,Census_ACS5
90403,2014,1699.0,Census_ACS5
90404,2014,1427.0,Census_ACS5
90405,2014,1547.0,Census_ACS5
90501,2014,1213.0,Census_ACS5
90502,2014,1361.0,Census_ACS5
90503,2014,1484.0,Census_ACS5
90504,2014,1362.0,Census_ACS5
90505,2014,1534.0,Census_ACS5
90601,2014,1274.0,Census_ACS5
90602,2014,1068.0,Census_ACS5
90603,2014,1671.0,Census_ACS5
90604,2014,1233.0,Census_ACS5
90605,2014,1279.0,Census_ACS5
90606,2014,1231.0,Census_ACS5
90631,2014,1306.0,Census_ACS5
90638,2014,1530.0,Census_ACS5
90640,2014,1142.0,Census_ACS5
90650,2014,1318.0,Census_ACS5
90660,2014,1235.0,Census_ACS5
90670,2014,1263.0,Census_ACS5
90701,2014,1382.0,Census_ACS5
90703,2014,1963.0,Census_ACS5
90704,2014,1339.0,Census_ACS5
90706,2014,1177.0,Census_ACS5
90710,2014,1058.0,Census_ACS5
90712,2014,1453.0,Census_ACS5
90713,2014,1841.0,Census_ACS5
90715,2014,1471.0,Census_ACS5
90716,2014,1187.0,Census_ACS5
90717,2014,1231.0,Census_ACS5
90723,2014,1179.0,Census_ACS5
90731,2014,1125.0,Census_ACS5
90732,2014,1689.0,Census_ACS5
90744,2014,1020.0,Census_ACS5
90745,2014,1353.0,Census_ACS5
90746,2014,1681.0,Census_ACS5
90755,2014,1175.0,Census_ACS5
90802,2014,1048.0,Census_ACS5
90803,2014,1357.0,Census_ACS5
90804,2014,1117.0,Census_ACS5
90805,2014,1059.0,Census_ACS5
90806,2014,1037.0,Census_ACS5
90807,2014,1204.0,Census_ACS5
90808,2014,1427.0,Census_ACS5
90810,2014,1051.0,Census_ACS5
90813,2014,959.0,Census_ACS5
90814,2014,1184.0,Census_ACS5
90815,2014,1569.0,Census_ACS5
90822,2014,-666666666.0,Census_ACS5
90831,2014,-666666666.0,Census_ACS5
91001,2014,1439.0,Census_ACS5
91006,2014,1521.0,Census_ACS5
91007,2014,1392.0,Census_ACS5
91010,2014,1328.0,Census_ACS5
91011,2014,2001.0,Census_ACS5
91016,2014,1310.0,Census_ACS5
91020,2014,1328.0,Census_ACS5
91024,2014,1430.0,Census_ACS5
91030,2014,1394.0,Census_ACS5
91040,2014,1181.0,Census_ACS5
91042,2014,1147.0,Census_ACS5
91046,2014,1078.0,Census_ACS5
91101,2014,1374.0,Census_ACS5
91103,2014,1241.0,Census_ACS5
91104,2014,1274.0,Census_ACS5
91105,2014,1958.0,Census_ACS5
91106,2014,1422.0,Census_ACS5
91107,2014,1396.0,Census_ACS5
91108,2014,2001.0,Census_ACS5
91201,2014,1326.0,Census_ACS5
91202,2014,1541.0,Census_ACS5
91203,2014,1274.0,Census_ACS5
91204,2014,1166.0,Census_ACS5
91205,2014,1215.0,Census_ACS5
91206,2014,1276.0,Census_ACS5
91207,2014,1426.0,Census_ACS5
91208,2014,1561.0,Census_ACS5
91214,2014,1602.0,Census_ACS5
91301,2014,1965.0,Census_ACS5
91302,2014,1983.0,Census_ACS5
91303,2014,1234.0,Census_ACS5
91304,2014,1197.0,Census_ACS5
91306,2014,1152.0,Census_ACS5
91307,2014,2001.0,Census_ACS5
91311,2014,1417.0,Census_ACS5
91316,2014,1455.0,Census_ACS5
91321,2014,1338.0,Census_ACS5
91324,2014,1399.0,Census_ACS5
91325,2014,1305.0,Census_ACS5
91326,2014,1787.0,Census_ACS5
91331,2014,1292.0,Census_ACS5
91335,2014,1211.0,Census_ACS5
91340,2014,1183.0,Census_ACS5
91342,2014,1313.0,Census_ACS5
91343,2014,1165.0,Census_ACS5
91344,2014,1538.0,Census_ACS5
91345,2014,1321.0,Census_ACS5
91350,2014,1694.0,Census_ACS5
91351,2014,1463.0,Census_ACS5
91352,2014,1161.0,Census_ACS5
91354,2014,2000.0,Census_ACS5
91355,2014,1736.0,Census_ACS5
91356,2014,1246.0,Census_ACS5
91361,2014,1908.0,Census_ACS5
91362,2014,1822.0,Census_ACS5
91364,2014,1810.0,Census_ACS5
91367,2014,1756.0,Census_ACS5
91381,2014,1780.0,Census_ACS5
91384,2014,1266.0,Census_ACS5
91387,2014,1667.0,Census_ACS5
91390,2014,1533.0,Census_ACS5
91401,2014,1177.0,Census_ACS5
91402,2014,1064.0,Census_ACS5
91403,2014,1563.0,Census_ACS5
91405,2014,1073.0,Census_ACS5
91406,2014,1130.0,Census_ACS5
91411,2014,1159.0,Census_ACS5
91423,2014,1484.0,Census_ACS5
91436,2014,2001.0,Census_ACS5
91501,2014,1442.0,Census_ACS5
91502,2014,1255.0,Census_ACS5
91504,2014,1335.0,Census_ACS5
91505,2014,1512.0,Census_ACS5
91506,2014,1309.0,Census_ACS5
91601,2014,1256.0,Census_ACS5
91602,2014,1438.0,Census_ACS5
91604,2014,1675.0,Census_ACS5
91605,2014,1090.0,Census_ACS5
91606,2014,1125.0,Census_ACS5
91607,2014,1278.0,Census_ACS5
91608,2014,-666666666.0,Census_ACS5
91702,2014,1215.0,Census_ACS5
91706,2014,1210.0,Census_ACS5
91711,2014,1345.0,Census_ACS5
91722,2014,1377.0,Census_ACS5
91723,2014,1202.0,Census_ACS5
91724,2014,1334.0,Census_ACS5
91731,2014,1005.0,Census_ACS5
91732,2014,1124.0,Census_ACS5
91733,2014,1093.0,Census_ACS5
91740,2014,1380.0,Census_ACS5
91741,2014,1549.0,Census_ACS5
91744,2014,1259.0,Census_ACS5
91745,2014,1629.0,Census_ACS5
91746,2014,1339.0,Census_ACS5
91748,2014,1334.0,Census_ACS5
91750,2014,1379.0,Census_ACS5
91754,2014,1226.0,Census_ACS5
91755,2014,1283.0,Census_ACS5
91759,2014,1625.0,Census_ACS5
91765,2014,1811.0,Census_ACS5
91766,2014,1179.0,Census_ACS5
91767,2014,1118.0,Census_ACS5
91768,2014,1057.0,Census_ACS5
91770,2014,1168.0,Census_ACS5
91773,2014,1502.0,Census_ACS5
91775,2014,1250.0,Census_ACS5
91776,2014,1251.0,Census_ACS5
91780,2014,1281.0,Census_ACS5
91789,2014,1885.0,Census_ACS5
91790,2014,1359.0,Census_ACS5
91791,2014,1266.0,Census_ACS5
91792,2014,1453.0,Census_ACS5
91801,2014,1232.0,Census_ACS5
91803,2014,1183.0,Census_ACS5
92397,2014,1137.0,Census_ACS5
93532,2015,1111.0,Census_ACS5
93534,2015,933.0,Census_ACS5
93535,2015,1117.0,Census_ACS5
93536,2015,1226.0,Census_ACS5
93543,2015,1315.0,Census_ACS5
93544,2015,-666666666.0,Census_ACS5
93550,2015,992.0,Census_ACS5
93551,2015,1579.0,Census_ACS5
93552,2015,1445.0,Census_ACS5
93553,2015,813.0,Census_ACS5
93563,2015,964.0,Census_ACS5
93591,2015,1068.0,Census_ACS5
90001,2015,984.0,Census_ACS5
90002,2015,991.0,Census_ACS5
90003,2015,1075.0,Census_ACS5
90004,2015,1090.0,Census_ACS5
90005,2015,952.0,Census_ACS5
90006,2015,963.0,Census_ACS5
90007,2015,1046.0,Census_ACS5
90008,2015,1001.0,Census_ACS5
90010,2015,1645.0,Census_ACS5
90011,2015,991.0,Census_ACS5
90012,2015,1163.0,Census_ACS5
90013,2015,640.0,Census_ACS5
90014,2015,732.0,Census_ACS5
90015,2015,897.0,Census_ACS5
90016,2015,1098.0,Census_ACS5
90017,2015,870.0,Census_ACS5
90018,2015,977.0,Census_ACS5
90019,2015,1156.0,Census_ACS5
90020,2015,1137.0,Census_ACS5
90021,2015,427.0,Census_ACS5
90022,2015,975.0,Census_ACS5
90023,2015,982.0,Census_ACS5
90024,2015,1912.0,Census_ACS5
90025,2015,1668.0,Census_ACS5
90026,2015,1118.0,Census_ACS5
90027,2015,1229.0,Census_ACS5
90028,2015,1143.0,Census_ACS5
90029,2015,1020.0,Census_ACS5
90031,2015,995.0,Census_ACS5
90032,2015,1100.0,Census_ACS5
90033,2015,911.0,Census_ACS5
90034,2015,1425.0,Census_ACS5
90035,2015,1678.0,Census_ACS5
90036,2015,1854.0,Census_ACS5
90037,2015,974.0,Census_ACS5
90038,2015,1050.0,Census_ACS5
90039,2015,1360.0,Census_ACS5
90040,2015,965.0,Census_ACS5
90041,2015,1206.0,Census_ACS5
90042,2015,1173.0,Census_ACS5
90043,2015,994.0,Census_ACS5
90044,2015,986.0,Census_ACS5
90045,2015,1706.0,Census_ACS5
90046,2015,1422.0,Census_ACS5
90047,2015,1070.0,Census_ACS5
90048,2015,1751.0,Census_ACS5
90049,2015,1891.0,Census_ACS5
90056,2015,1489.0,Census_ACS5
90057,2015,876.0,Census_ACS5
90058,2015,640.0,Census_ACS5
90059,2015,912.0,Census_ACS5
90061,2015,1131.0,Census_ACS5
90062,2015,1040.0,Census_ACS5
90063,2015,1028.0,Census_ACS5
90064,2015,1703.0,Census_ACS5
90065,2015,1131.0,Census_ACS5
90066,2015,1443.0,Census_ACS5
90067,2015,2564.0,Census_ACS5
90068,2015,1446.0,Census_ACS5
90069,2015,1571.0,Census_ACS5
90071,2015,-666666666.0,Census_ACS5
90073,2015,-666666666.0,Census_ACS5
90077,2015,2310.0,Census_ACS5
90094,2015,2442.0,Census_ACS5
90095,2015,-666666666.0,Census_ACS5
90201,2015,1090.0,Census_ACS5
90210,2015,2209.0,Census_ACS5
90211,2015,1699.0,Census_ACS5
90212,2015,1959.0,Census_ACS5
90220,2015,1114.0,Census_ACS5
90221,2015,1077.0,Census_ACS5
90222,2015,1055.0,Census_ACS5
90230,2015,1530.0,Census_ACS5
90232,2015,1494.0,Census_ACS5
90240,2015,1371.0,Census_ACS5
90241,2015,1201.0,Census_ACS5
90242,2015,1239.0,Census_ACS5
90245,2015,1575.0,Census_ACS5
90247,2015,1126.0,Census_ACS5
90248,2015,1175.0,Census_ACS5
90249,2015,1036.0,Census_ACS5
90250,2015,1059.0,Census_ACS5
90254,2015,1902.0,Census_ACS5
90255,2015,945.0,Census_ACS5
90260,2015,1344.0,Census_ACS5
90262,2015,1054.0,Census_ACS5
90263,2015,-666666666.0,Census_ACS5
90265,2015,2618.0,Census_ACS5
90266,2015,2122.0,Census_ACS5
90270,2015,976.0,Census_ACS5
90272,2015,2453.0,Census_ACS5
90274,2015,2390.0,Census_ACS5
90275,2015,2244.0,Census_ACS5
90277,2015,1799.0,Census_ACS5
90278,2015,1680.0,Census_ACS5
90280,2015,999.0,Census_ACS5
90290,2015,1901.0,Census_ACS5
90291,2015,1786.0,Census_ACS5
90292,2015,2341.0,Census_ACS5
90293,2015,1798.0,Census_ACS5
90301,2015,1065.0,Census_ACS5
90302,2015,1113.0,Census_ACS5
90303,2015,1097.0,Census_ACS5
90304,2015,1000.0,Census_ACS5
90305,2015,1229.0,Census_ACS5
90401,2015,1624.0,Census_ACS5
90402,2015,1793.0,Census_ACS5
90403,2015,1700.0,Census_ACS5
90404,2015,1441.0,Census_ACS5
90405,2015,1556.0,Census_ACS5
90501,2015,1200.0,Census_ACS5
90502,2015,1326.0,Census_ACS5
90503,2015,1492.0,Census_ACS5
90504,2015,1354.0,Census_ACS5
90505,2015,1561.0,Census_ACS5
90601,2015,1291.0,Census_ACS5
90602,2015,1101.0,Census_ACS5
90603,2015,1660.0,Census_ACS5
90604,2015,1246.0,Census_ACS5
90605,2015,1317.0,Census_ACS5
90606,2015,1238.0,Census_ACS5
90631,2015,1330.0,Census_ACS5
90638,2015,1586.0,Census_ACS5
90640,2015,1146.0,Census_ACS5
90650,2015,1349.0,Census_ACS5
90660,2015,1210.0,Census_ACS5
90670,2015,1272.0,Census_ACS5
90701,2015,1387.0,Census_ACS5
90703,2015,2092.0,Census_ACS5
90704,2015,1359.0,Census_ACS5
90706,2015,1185.0,Census_ACS5
90710,2015,1024.0,Census_ACS5
90712,2015,1458.0,Census_ACS5
90713,2015,1873.0,Census_ACS5
90715,2015,1449.0,Census_ACS5
90716,2015,1166.0,Census_ACS5
90717,2015,1260.0,Census_ACS5
90723,2015,1192.0,Census_ACS5
90731,2015,1129.0,Census_ACS5
90732,2015,1737.0,Census_ACS5
90744,2015,1006.0,Census_ACS5
90745,2015,1339.0,Census_ACS5
90746,2015,1616.0,Census_ACS5
90755,2015,1209.0,Census_ACS5
90802,2015,1057.0,Census_ACS5
90803,2015,1377.0,Census_ACS5
90804,2015,1122.0,Census_ACS5
90805,2015,1062.0,Census_ACS5
90806,2015,1035.0,Census_ACS5
90807,2015,1216.0,Census_ACS5
90808,2015,1455.0,Census_ACS5
90810,2015,1043.0,Census_ACS5
90813,2015,947.0,Census_ACS5
90814,2015,1193.0,Census_ACS5
90815,2015,1548.0,Census_ACS5
90822,2015,-666666666.0,Census_ACS5
90831,2015,-666666666.0,Census_ACS5
91001,2015,1445.0,Census_ACS5
91006,2015,1547.0,Census_ACS5
91007,2015,1384.0,Census_ACS5
91010,2015,1389.0,Census_ACS5
91011,2015,2097.0,Census_ACS5
91016,2015,1299.0,Census_ACS5
91020,2015,1331.0,Census_ACS5
91024,2015,1478.0,Census_ACS5
91030,2015,1403.0,Census_ACS5
91040,2015,1212.0,Census_ACS5
91042,2015,1175.0,Census_ACS5
91046,2015,1077.0,Census_ACS5
91101,2015,1389.0,Census_ACS5
91103,2015,1207.0,Census_ACS5
91104,2015,1250.0,Census_ACS5
91105,2015,2029.0,Census_ACS5
91106,2015,1412.0,Census_ACS5
91107,2015,1398.0,Census_ACS5
91108,2015,3390.0,Census_ACS5
91201,2015,1266.0,Census_ACS5
91202,2015,1517.0,Census_ACS5
91203,2015,1301.0,Census_ACS5
91204,2015,1166.0,Census_ACS5
91205,2015,1221.0,Census_ACS5
91206,2015,1284.0,Census_ACS5
91207,2015,1446.0,Census_ACS5
91208,2015,1478.0,Census_ACS5
91214,2015,1655.0,Census_ACS5
91301,2015,2028.0,Census_ACS5
91302,2015,2046.0,Census_ACS5
91303,2015,1235.0,Census_ACS5
91304,2015,1232.0,Census_ACS5
91306,2015,1185.0,Census_ACS5
91307,2015,2508.0,Census_ACS5
91311,2015,1438.0,Census_ACS5
91316,2015,1426.0,Census_ACS5
91321,2015,1354.0,Census_ACS5
91324,2015,1445.0,Census_ACS5
91325,2015,1339.0,Census_ACS5
91326,2015,1775.0,Census_ACS5
91331,2015,1299.0,Census_ACS5
91335,2015,1215.0,Census_ACS5
91340,2015,1202.0,Census_ACS5
91342,2015,1334.0,Census_ACS5
91343,2015,1163.0,Census_ACS5
91344,2015,1621.0,Census_ACS5
91345,2015,1339.0,Census_ACS5
91350,2015,1625.0,Census_ACS5
91351,2015,1462.0,Census_ACS5
91352,2015,1193.0,Census_ACS5
91354,2015,2108.0,Census_ACS5
91355,2015,1763.0,Census_ACS5
91356,2015,1340.0,Census_ACS5
91361,2015,1885.0,Census_ACS5
91362,2015,1742.0,Census_ACS5
91364,2015,1891.0,Census_ACS5
91367,2015,1805.0,Census_ACS5
91381,2015,1786.0,Census_ACS5
91384,2015,1277.0,Census_ACS5
91387,2015,1681.0,Census_ACS5
91390,2015,1609.0,Census_ACS5
91401,2015,1194.0,Census_ACS5
91402,2015,1079.0,Census_ACS5
91403,2015,1565.0,Census_ACS5
91405,2015,1071.0,Census_ACS5
91406,2015,1150.0,Census_ACS5
91411,2015,1158.0,Census_ACS5
91423,2015,1549.0,Census_ACS5
91436,2015,2203.0,Census_ACS5
91501,2015,1454.0,Census_ACS5
91502,2015,1263.0,Census_ACS5
91504,2015,1344.0,Census_ACS5
91505,2015,1544.0,Census_ACS5
91506,2015,1344.0,Census_ACS5
91601,2015,1271.0,Census_ACS5
91602,2015,1456.0,Census_ACS5
91604,2015,1668.0,Census_ACS5
91605,2015,1112.0,Census_ACS5
91606,2015,1135.0,Census_ACS5
91607,2015,1302.0,Census_ACS5
91608,2015,-666666666.0,Census_ACS5
91702,2015,1239.0,Census_ACS5
91706,2015,1238.0,Census_ACS5
91711,2015,1395.0,Census_ACS5
91722,2015,1364.0,Census_ACS5
91723,2015,1226.0,Census_ACS5
91724,2015,1424.0,Census_ACS5
91731,2015,1005.0,Census_ACS5
91732,2015,1137.0,Census_ACS5
91733,2015,1101.0,Census_ACS5
91740,2015,1355.0,Census_ACS5
91741,2015,1583.0,Census_ACS5
91744,2015,1261.0,Census_ACS5
91745,2015,1640.0,Census_ACS5
91746,2015,1284.0,Census_ACS5
91748,2015,1376.0,Census_ACS5
91750,2015,1390.0,Census_ACS5
91754,2015,1211.0,Census_ACS5
91755,2015,1263.0,Census_ACS5
91759,2015,1396.0,Census_ACS5
91765,2015,1808.0,Census_ACS5
91766,2015,1191.0,Census_ACS5
91767,2015,1147.0,Census_ACS5
91768,2015,1071.0,Census_ACS5
91770,2015,1178.0,Census_ACS5
91773,2015,1532.0,Census_ACS5
91775,2015,1246.0,Census_ACS5
91776,2015,1244.0,Census_ACS5
91780,2015,1244.0,Census_ACS5
91789,2015,1928.0,Census_ACS5
91790,2015,1365.0,Census_ACS5
91791,2015,1314.0,Census_ACS5
91792,2015,1461.0,Census_ACS5
91801,2015,1224.0,Census_ACS5
91803,2015,1176.0,Census_ACS5
92397,2015,1156.0,Census_ACS5
93243,2015,775.0,Census_ACS5
93510,2015,1793.0,Census_ACS5
90001,2016,1009.0,Census_ACS5
90002,2016,1035.0,Census_ACS5
90003,2016,1099.0,Census_ACS5
90004,2016,1125.0,Census_ACS5
90005,2016,988.0,Census_ACS5
90006,2016,984.0,Census_ACS5
90007,2016,1079.0,Census_ACS5
90008,2016,1044.0,Census_ACS5
90010,2016,1656.0,Census_ACS5
90011,2016,1011.0,Census_ACS5
90012,2016,1208.0,Census_ACS5
90013,2016,770.0,Census_ACS5
90014,2016,789.0,Census_ACS5
90015,2016,961.0,Census_ACS5
90016,2016,1132.0,Census_ACS5
90017,2016,897.0,Census_ACS5
90018,2016,1017.0,Census_ACS5
90019,2016,1189.0,Census_ACS5
90020,2016,1164.0,Census_ACS5
90021,2016,456.0,Census_ACS5
90022,2016,1000.0,Census_ACS5
90023,2016,1009.0,Census_ACS5
90024,2016,1976.0,Census_ACS5
90025,2016,1724.0,Census_ACS5
90026,2016,1162.0,Census_ACS5
90027,2016,1259.0,Census_ACS5
90028,2016,1181.0,Census_ACS5
90029,2016,1056.0,Census_ACS5
90031,2016,1024.0,Census_ACS5
90032,2016,1093.0,Census_ACS5
90033,2016,934.0,Census_ACS5
90034,2016,1472.0,Census_ACS5
90035,2016,1749.0,Census_ACS5
90036,2016,1942.0,Census_ACS5
90037,2016,1003.0,Census_ACS5
90038,2016,1103.0,Census_ACS5
90039,2016,1440.0,Census_ACS5
90040,2016,1029.0,Census_ACS5
90041,2016,1295.0,Census_ACS5
90042,2016,1186.0,Census_ACS5
90043,2016,1043.0,Census_ACS5
90044,2016,988.0,Census_ACS5
90045,2016,1741.0,Census_ACS5
90046,2016,1464.0,Census_ACS5
90047,2016,1114.0,Census_ACS5
90048,2016,1854.0,Census_ACS5
90049,2016,1991.0,Census_ACS5
90056,2016,1537.0,Census_ACS5
90057,2016,910.0,Census_ACS5
90058,2016,547.0,Census_ACS5
90059,2016,902.0,Census_ACS5
90061,2016,1097.0,Census_ACS5
90062,2016,1053.0,Census_ACS5
90063,2016,1037.0,Census_ACS5
90064,2016,1778.0,Census_ACS5
90065,2016,1144.0,Census_ACS5
90066,2016,1501.0,Census_ACS5
90067,2016,2372.0,Census_ACS5
90068,2016,1560.0,Census_ACS5
90069,2016,1631.0,Census_ACS5
90071,2016,-666666666.0,Census_ACS5
90073,2016,-666666666.0,Census_ACS5
90077,2016,2418.0,Census_ACS5
90094,2016,2624.0,Census_ACS5
90095,2016,-666666666.0,Census_ACS5
90201,2016,1112.0,Census_ACS5
90210,2016,2274.0,Census_ACS5
90211,2016,1762.0,Census_ACS5
90212,2016,2009.0,Census_ACS5
90220,2016,1131.0,Census_ACS5
90221,2016,1087.0,Census_ACS5
90222,2016,1114.0,Census_ACS5
90230,2016,1553.0,Census_ACS5
90232,2016,1546.0,Census_ACS5
90240,2016,1444.0,Census_ACS5
90241,2016,1219.0,Census_ACS5
90242,2016,1294.0,Census_ACS5
90245,2016,1638.0,Census_ACS5
90247,2016,1150.0,Census_ACS5
90248,2016,1180.0,Census_ACS5
90249,2016,1086.0,Census_ACS5
90250,2016,1084.0,Census_ACS5
90254,2016,1963.0,Census_ACS5
90255,2016,966.0,Census_ACS5
90260,2016,1350.0,Census_ACS5
90262,2016,1057.0,Census_ACS5
90263,2016,-666666666.0,Census_ACS5
90265,2016,2736.0,Census_ACS5
90266,2016,2232.0,Census_ACS5
90270,2016,981.0,Census_ACS5
90272,2016,2530.0,Census_ACS5
90274,2016,2627.0,Census_ACS5
90275,2016,2348.0,Census_ACS5
90277,2016,1850.0,Census_ACS5
90278,2016,1721.0,Census_ACS5
90280,2016,1012.0,Census_ACS5
90290,2016,1884.0,Census_ACS5
90291,2016,1780.0,Census_ACS5
90292,2016,2463.0,Census_ACS5
90293,2016,1834.0,Census_ACS5
90301,2016,1106.0,Census_ACS5
90302,2016,1151.0,Census_ACS5
90303,2016,1135.0,Census_ACS5
90304,2016,1021.0,Census_ACS5
90305,2016,1296.0,Census_ACS5
90401,2016,1672.0,Census_ACS5
90402,2016,1875.0,Census_ACS5
90403,2016,1745.0,Census_ACS5
90404,2016,1449.0,Census_ACS5
90405,2016,1589.0,Census_ACS5
90501,2016,1239.0,Census_ACS5
90502,2016,1407.0,Census_ACS5
90503,2016,1564.0,Census_ACS5
90504,2016,1359.0,Census_ACS5
90505,2016,1594.0,Census_ACS5
90601,2016,1256.0,Census_ACS5
90602,2016,1110.0,Census_ACS5
90603,2016,1758.0,Census_ACS5
90604,2016,1287.0,Census_ACS5
90605,2016,1358.0,Census_ACS5
90606,2016,1273.0,Census_ACS5
90631,2016,1358.0,Census_ACS5
90638,2016,1639.0,Census_ACS5
90640,2016,1158.0,Census_ACS5
90650,2016,1384.0,Census_ACS5
90660,2016,1229.0,Census_ACS5
90670,2016,1295.0,Census_ACS5
90701,2016,1396.0,Census_ACS5
90703,2016,2176.0,Census_ACS5
90704,2016,1391.0,Census_ACS5
90706,2016,1195.0,Census_ACS5
90710,2016,1101.0,Census_ACS5
90712,2016,1544.0,Census_ACS5
90713,2016,1848.0,Census_ACS5
90715,2016,1443.0,Census_ACS5
90716,2016,1160.0,Census_ACS5
90717,2016,1258.0,Census_ACS5
90723,2016,1204.0,Census_ACS5
90731,2016,1167.0,Census_ACS5
90732,2016,1776.0,Census_ACS5
90744,2016,1032.0,Census_ACS5
90745,2016,1387.0,Census_ACS5
90746,2016,1581.0,Census_ACS5
90755,2016,1217.0,Census_ACS5
90802,2016,1092.0,Census_ACS5
90803,2016,1418.0,Census_ACS5
90804,2016,1157.0,Census_ACS5
90805,2016,1081.0,Census_ACS5
90806,2016,1072.0,Census_ACS5
90807,2016,1226.0,Census_ACS5
90808,2016,1560.0,Census_ACS5
90810,2016,1085.0,Census_ACS5
90813,2016,972.0,Census_ACS5
90814,2016,1238.0,Census_ACS5
90815,2016,1640.0,Census_ACS5
90822,2016,-666666666.0,Census_ACS5
90831,2016,-666666666.0,Census_ACS5
91001,2016,1500.0,Census_ACS5
91006,2016,1609.0,Census_ACS5
91007,2016,1405.0,Census_ACS5
91010,2016,1415.0,Census_ACS5
91011,2016,2000.0,Census_ACS5
91016,2016,1314.0,Census_ACS5
91020,2016,1414.0,Census_ACS5
91024,2016,1469.0,Census_ACS5
91030,2016,1464.0,Census_ACS5
91040,2016,1201.0,Census_ACS5
91042,2016,1211.0,Census_ACS5
91046,2016,1061.0,Census_ACS5
91101,2016,1419.0,Census_ACS5
91103,2016,1256.0,Census_ACS5
91104,2016,1230.0,Census_ACS5
91105,2016,2106.0,Census_ACS5
91106,2016,1485.0,Census_ACS5
91107,2016,1438.0,Census_ACS5
91108,2016,3501.0,Census_ACS5
91201,2016,1335.0,Census_ACS5
91202,2016,1531.0,Census_ACS5
91203,2016,1359.0,Census_ACS5
91204,2016,1237.0,Census_ACS5
91205,2016,1253.0,Census_ACS5
91206,2016,1365.0,Census_ACS5
91207,2016,1529.0,Census_ACS5
91208,2016,1633.0,Census_ACS5
91214,2016,1662.0,Census_ACS5
91301,2016,2025.0,Census_ACS5
91302,2016,2176.0,Census_ACS5
91303,2016,1287.0,Census_ACS5
91304,2016,1289.0,Census_ACS5
91306,2016,1212.0,Census_ACS5
91307,2016,2576.0,Census_ACS5
91311,2016,1567.0,Census_ACS5
91316,2016,1459.0,Census_ACS5
91321,2016,1399.0,Census_ACS5
91324,2016,1535.0,Census_ACS5
91325,2016,1356.0,Census_ACS5
91326,2016,1820.0,Census_ACS5
91331,2016,1315.0,Census_ACS5
91335,2016,1249.0,Census_ACS5
91340,2016,1217.0,Census_ACS5
91342,2016,1389.0,Census_ACS5
91343,2016,1183.0,Census_ACS5
91344,2016,1621.0,Census_ACS5
91345,2016,1430.0,Census_ACS5
91350,2016,1749.0,Census_ACS5
91351,2016,1510.0,Census_ACS5
91352,2016,1232.0,Census_ACS5
91354,2016,2153.0,Census_ACS5
91355,2016,1786.0,Census_ACS5
91356,2016,1363.0,Census_ACS5
91361,2016,2007.0,Census_ACS5
91362,2016,1882.0,Census_ACS5
91364,2016,1964.0,Census_ACS5
91367,2016,1841.0,Census_ACS5
91381,2016,1848.0,Census_ACS5
91384,2016,1266.0,Census_ACS5
91387,2016,1698.0,Census_ACS5
91390,2016,1785.0,Census_ACS5
91401,2016,1212.0,Census_ACS5
91402,2016,1128.0,Census_ACS5
91403,2016,1591.0,Census_ACS5
91405,2016,1110.0,Census_ACS5
91406,2016,1193.0,Census_ACS5
91411,2016,1197.0,Census_ACS5
91423,2016,1614.0,Census_ACS5
91436,2016,2189.0,Census_ACS5
91501,2016,1468.0,Census_ACS5
91502,2016,1281.0,Census_ACS5
91504,2016,1399.0,Census_ACS5
91505,2016,1627.0,Census_ACS5
91506,2016,1324.0,Census_ACS5
91601,2016,1289.0,Census_ACS5
91602,2016,1499.0,Census_ACS5
91604,2016,1724.0,Census_ACS5
91605,2016,1157.0,Census_ACS5
91606,2016,1159.0,Census_ACS5
91607,2016,1340.0,Census_ACS5
91608,2016,-666666666.0,Census_ACS5
91702,2016,1295.0,Census_ACS5
91706,2016,1278.0,Census_ACS5
91711,2016,1427.0,Census_ACS5
91722,2016,1371.0,Census_ACS5
91723,2016,1262.0,Census_ACS5
91724,2016,1428.0,Census_ACS5
91731,2016,1034.0,Census_ACS5
91732,2016,1171.0,Census_ACS5
91733,2016,1130.0,Census_ACS5
91740,2016,1383.0,Census_ACS5
91741,2016,1612.0,Census_ACS5
91744,2016,1243.0,Census_ACS5
91745,2016,1713.0,Census_ACS5
91746,2016,1317.0,Census_ACS5
91748,2016,1430.0,Census_ACS5
91750,2016,1408.0,Census_ACS5
91754,2016,1211.0,Census_ACS5
91755,2016,1279.0,Census_ACS5
91759,2016,1500.0,Census_ACS5
91765,2016,1841.0,Census_ACS5
91766,2016,1214.0,Census_ACS5
91767,2016,1168.0,Census_ACS5
91768,2016,1118.0,Census_ACS5
91770,2016,1210.0,Census_ACS5
91773,2016,1595.0,Census_ACS5
91775,2016,1361.0,Census_ACS5
91776,2016,1283.0,Census_ACS5
91780,2016,1290.0,Census_ACS5
91789,2016,1996.0,Census_ACS5
91790,2016,1380.0,Census_ACS5
91791,2016,1394.0,Census_ACS5
91792,2016,1539.0,Census_ACS5
91801,2016,1248.0,Census_ACS5
91803,2016,1203.0,Census_ACS5
92397,2016,1206.0,Census_ACS5
93243,2016,793.0,Census_ACS5
93510,2016,1675.0,Census_ACS5
93532,2016,1107.0,Census_ACS5
93534,2016,965.0,Census_ACS5
93535,2016,1117.0,Census_ACS5
93536,2016,1264.0,Census_ACS5
93543,2016,1307.0,Census_ACS5
93544,2016,-666666666.0,Census_ACS5
93550,2016,993.0,Census_ACS5
93551,2016,1589.0,Census_ACS5
93552,2016,1485.0,Census_ACS5
93553,2016,720.0,Census_ACS5
93563,2016,967.0,Census_ACS5
93591,2016,1101.0,Census_ACS5
90001,2017,1051.0,Census_ACS5
90002,2017,1074.0,Census_ACS5
90003,2017,1133.0,Census_ACS5
90004,2017,1177.0,Census_ACS5
90005,2017,1060.0,Census_ACS5
90006,2017,1030.0,Census_ACS5
90007,2017,1111.0,Census_ACS5
90008,2017,1097.0,Census_ACS5
90010,2017,1692.0,Census_ACS5
90011,2017,1074.0,Census_ACS5
90012,2017,1327.0,Census_ACS5
90013,2017,810.0,Census_ACS5
90014,2017,1550.0,Census_ACS5
90015,2017,1064.0,Census_ACS5
90016,2017,1163.0,Census_ACS5
90017,2017,951.0,Census_ACS5
90018,2017,1050.0,Census_ACS5
90019,2017,1245.0,Census_ACS5
90020,2017,1221.0,Census_ACS5
90021,2017,473.0,Census_ACS5
90022,2017,1022.0,Census_ACS5
90023,2017,1034.0,Census_ACS5
90024,2017,2068.0,Census_ACS5
90025,2017,1808.0,Census_ACS5
90026,2017,1213.0,Census_ACS5
90027,2017,1324.0,Census_ACS5
90028,2017,1273.0,Census_ACS5
90029,2017,1104.0,Census_ACS5
90031,2017,1072.0,Census_ACS5
90032,2017,1120.0,Census_ACS5
90033,2017,980.0,Census_ACS5
90034,2017,1566.0,Census_ACS5
90035,2017,1815.0,Census_ACS5
90036,2017,2055.0,Census_ACS5
90037,2017,1031.0,Census_ACS5
90038,2017,1161.0,Census_ACS5
90039,2017,1535.0,Census_ACS5
90040,2017,1056.0,Census_ACS5
90041,2017,1338.0,Census_ACS5
90042,2017,1216.0,Census_ACS5
90043,2017,1070.0,Census_ACS5
90044,2017,1031.0,Census_ACS5
90045,2017,1842.0,Census_ACS5
90046,2017,1517.0,Census_ACS5
90047,2017,1157.0,Census_ACS5
90048,2017,1997.0,Census_ACS5
90049,2017,2108.0,Census_ACS5
90056,2017,1601.0,Census_ACS5
90057,2017,957.0,Census_ACS5
90058,2017,590.0,Census_ACS5
90059,2017,946.0,Census_ACS5
90061,2017,1147.0,Census_ACS5
90062,2017,1118.0,Census_ACS5
90063,2017,1073.0,Census_ACS5
90064,2017,1871.0,Census_ACS5
90065,2017,1187.0,Census_ACS5
90066,2017,1612.0,Census_ACS5
90067,2017,2442.0,Census_ACS5
90068,2017,1654.0,Census_ACS5
90069,2017,1724.0,Census_ACS5
90071,2017,-666666666.0,Census_ACS5
90073,2017,-666666666.0,Census_ACS5
90077,2017,2371.0,Census_ACS5
90094,2017,2751.0,Census_ACS5
90095,2017,-666666666.0,Census_ACS5
90201,2017,1140.0,Census_ACS5
90210,2017,2383.0,Census_ACS5
90211,2017,1819.0,Census_ACS5
90212,2017,2013.0,Census_ACS5
90220,2017,1154.0,Census_ACS5
90221,2017,1135.0,Census_ACS5
90222,2017,1151.0,Census_ACS5
90230,2017,1621.0,Census_ACS5
90232,2017,1657.0,Census_ACS5
90240,2017,1469.0,Census_ACS5
90241,2017,1246.0,Census_ACS5
90242,2017,1336.0,Census_ACS5
90245,2017,1681.0,Census_ACS5
90247,2017,1168.0,Census_ACS5
90248,2017,1219.0,Census_ACS5
90249,2017,1144.0,Census_ACS5
90250,2017,1140.0,Census_ACS5
90254,2017,2035.0,Census_ACS5
90255,2017,992.0,Census_ACS5
90260,2017,1365.0,Census_ACS5
90262,2017,1123.0,Census_ACS5
90263,2017,-666666666.0,Census_ACS5
90265,2017,2579.0,Census_ACS5
90266,2017,2393.0,Census_ACS5
90270,2017,1000.0,Census_ACS5
90272,2017,2364.0,Census_ACS5
90274,2017,2606.0,Census_ACS5
90275,2017,2391.0,Census_ACS5
90277,2017,1916.0,Census_ACS5
90278,2017,1802.0,Census_ACS5
90280,2017,1072.0,Census_ACS5
90290,2017,1970.0,Census_ACS5
90291,2017,1861.0,Census_ACS5
90292,2017,2638.0,Census_ACS5
90293,2017,1963.0,Census_ACS5
90301,2017,1139.0,Census_ACS5
90302,2017,1208.0,Census_ACS5
90303,2017,1188.0,Census_ACS5
90304,2017,1075.0,Census_ACS5
90305,2017,1362.0,Census_ACS5
90401,2017,1757.0,Census_ACS5
90402,2017,1884.0,Census_ACS5
90403,2017,1765.0,Census_ACS5
90404,2017,1474.0,Census_ACS5
90405,2017,1650.0,Census_ACS5
90501,2017,1281.0,Census_ACS5
90502,2017,1425.0,Census_ACS5
90503,2017,1658.0,Census_ACS5
90504,2017,1401.0,Census_ACS5
90505,2017,1647.0,Census_ACS5
90601,2017,1349.0,Census_ACS5
90602,2017,1189.0,Census_ACS5
90603,2017,1733.0,Census_ACS5
90604,2017,1370.0,Census_ACS5
90605,2017,1371.0,Census_ACS5
90606,2017,1386.0,Census_ACS5
90631,2017,1417.0,Census_ACS5
90638,2017,1617.0,Census_ACS5
90640,2017,1211.0,Census_ACS5
90650,2017,1450.0,Census_ACS5
90660,2017,1259.0,Census_ACS5
90670,2017,1330.0,Census_ACS5
90701,2017,1471.0,Census_ACS5
90703,2017,2188.0,Census_ACS5
90704,2017,1399.0,Census_ACS5
90706,2017,1263.0,Census_ACS5
90710,2017,1119.0,Census_ACS5
90712,2017,1715.0,Census_ACS5
90713,2017,1890.0,Census_ACS5
90715,2017,1524.0,Census_ACS5
90716,2017,1266.0,Census_ACS5
90717,2017,1286.0,Census_ACS5
90723,2017,1256.0,Census_ACS5
90731,2017,1214.0,Census_ACS5
90732,2017,1867.0,Census_ACS5
90744,2017,1064.0,Census_ACS5
90745,2017,1389.0,Census_ACS5
90746,2017,1664.0,Census_ACS5
90755,2017,1365.0,Census_ACS5
90802,2017,1153.0,Census_ACS5
90803,2017,1516.0,Census_ACS5
90804,2017,1193.0,Census_ACS5
90805,2017,1149.0,Census_ACS5
90806,2017,1103.0,Census_ACS5
90807,2017,1288.0,Census_ACS5
90808,2017,1635.0,Census_ACS5
90810,2017,1190.0,Census_ACS5
90813,2017,1008.0,Census_ACS5
90814,2017,1292.0,Census_ACS5
90815,2017,1738.0,Census_ACS5
90822,2017,-666666666.0,Census_ACS5
90831,2017,-666666666.0,Census_ACS5
91001,2017,1617.0,Census_ACS5
91006,2017,1678.0,Census_ACS5
91007,2017,1421.0,Census_ACS5
91010,2017,1486.0,Census_ACS5
91011,2017,2185.0,Census_ACS5
91016,2017,1366.0,Census_ACS5
91020,2017,1492.0,Census_ACS5
91024,2017,1487.0,Census_ACS5
91030,2017,1555.0,Census_ACS5
91040,2017,1245.0,Census_ACS5
91042,2017,1261.0,Census_ACS5
91046,2017,1056.0,Census_ACS5
91101,2017,1536.0,Census_ACS5
91103,2017,1275.0,Census_ACS5
91104,2017,1331.0,Census_ACS5
91105,2017,2113.0,Census_ACS5
91106,2017,1567.0,Census_ACS5
91107,2017,1503.0,Census_ACS5
91108,2017,3501.0,Census_ACS5
91201,2017,1401.0,Census_ACS5
91202,2017,1620.0,Census_ACS5
91203,2017,1445.0,Census_ACS5
91204,2017,1295.0,Census_ACS5
91205,2017,1295.0,Census_ACS5
91206,2017,1476.0,Census_ACS5
91207,2017,1572.0,Census_ACS5
91208,2017,1780.0,Census_ACS5
91214,2017,1715.0,Census_ACS5
91301,2017,2260.0,Census_ACS5
91302,2017,2296.0,Census_ACS5
91303,2017,1354.0,Census_ACS5
91304,2017,1363.0,Census_ACS5
91306,2017,1272.0,Census_ACS5
91307,2017,2602.0,Census_ACS5
91311,2017,1762.0,Census_ACS5
91316,2017,1565.0,Census_ACS5
91321,2017,1463.0,Census_ACS5
91324,2017,1567.0,Census_ACS5
91325,2017,1419.0,Census_ACS5
91326,2017,1802.0,Census_ACS5
91331,2017,1340.0,Census_ACS5
91335,2017,1286.0,Census_ACS5
91340,2017,1281.0,Census_ACS5
91342,2017,1470.0,Census_ACS5
91343,2017,1239.0,Census_ACS5
91344,2017,1674.0,Census_ACS5
91345,2017,1536.0,Census_ACS5
91350,2017,1825.0,Census_ACS5
91351,2017,1590.0,Census_ACS5
91352,2017,1284.0,Census_ACS5
91354,2017,2227.0,Census_ACS5
91355,2017,1860.0,Census_ACS5
91356,2017,1485.0,Census_ACS5
91361,2017,2146.0,Census_ACS5
91362,2017,1825.0,Census_ACS5
91364,2017,1937.0,Census_ACS5
91367,2017,1961.0,Census_ACS5
91381,2017,1851.0,Census_ACS5
91384,2017,1339.0,Census_ACS5
91387,2017,1796.0,Census_ACS5
91390,2017,1902.0,Census_ACS5
91401,2017,1247.0,Census_ACS5
91402,2017,1169.0,Census_ACS5
91403,2017,1672.0,Census_ACS5
91405,2017,1164.0,Census_ACS5
91406,2017,1247.0,Census_ACS5
91411,2017,1269.0,Census_ACS5
91423,2017,1718.0,Census_ACS5
91436,2017,2137.0,Census_ACS5
91501,2017,1543.0,Census_ACS5
91502,2017,1377.0,Census_ACS5
91504,2017,1475.0,Census_ACS5
91505,2017,1708.0,Census_ACS5
91506,2017,1485.0,Census_ACS5
91601,2017,1348.0,Census_ACS5
91602,2017,1578.0,Census_ACS5
91604,2017,1780.0,Census_ACS5
91605,2017,1222.0,Census_ACS5
91606,2017,1205.0,Census_ACS5
91607,2017,1394.0,Census_ACS5
91608,2017,-666666666.0,Census_ACS5
91702,2017,1333.0,Census_ACS5
91706,2017,1357.0,Census_ACS5
91711,2017,1476.0,Census_ACS5
91722,2017,1387.0,Census_ACS5
91723,2017,1310.0,Census_ACS5
91724,2017,1541.0,Census_ACS5
91731,2017,1081.0,Census_ACS5
91732,2017,1207.0,Census_ACS5
91733,2017,1175.0,Census_ACS5
91740,2017,1429.0,Census_ACS5
91741,2017,1664.0,Census_ACS5
91744,2017,1288.0,Census_ACS5
91745,2017,1733.0,Census_ACS5
91746,2017,1309.0,Census_ACS5
91748,2017,1490.0,Census_ACS5
91750,2017,1423.0,Census_ACS5
91754,2017,1233.0,Census_ACS5
91755,2017,1318.0,Census_ACS5
91759,2017,1500.0,Census_ACS5
91765,2017,1916.0,Census_ACS5
91766,2017,1288.0,Census_ACS5
91767,2017,1250.0,Census_ACS5
91768,2017,1139.0,Census_ACS5
91770,2017,1239.0,Census_ACS5
91773,2017,1605.0,Census_ACS5
91775,2017,1416.0,Census_ACS5
91776,2017,1312.0,Census_ACS5
91780,2017,1376.0,Census_ACS5
91789,2017,2123.0,Census_ACS5
91790,2017,1440.0,Census_ACS5
91791,2017,1480.0,Census_ACS5
91792,2017,1617.0,Census_ACS5
91801,2017,1297.0,Census_ACS5
91803,2017,1254.0,Census_ACS5
92397,2017,1173.0,Census_ACS5
93243,2017,746.0,Census_ACS5
93510,2017,1639.0,Census_ACS5
93532,2017,1090.0,Census_ACS5
93534,2017,1013.0,Census_ACS5
93535,2017,1137.0,Census_ACS5
93536,2017,1284.0,Census_ACS5
93543,2017,1265.0,Census_ACS5
93544,2017,-666666666.0,Census_ACS5
93550,2017,1024.0,Census_ACS5
93551,2017,1640.0,Census_ACS5
93552,2017,1500.0,Census_ACS5
93553,2017,724.0,Census_ACS5
93563,2017,998.0,Census_ACS5
93591,2017,1101.0,Census_ACS5
90001,2018,1087.0,Census_ACS5
90002,2018,1147.0,Census_ACS5
90003,2018,1178.0,Census_ACS5
90004,2018,1229.0,Census_ACS5
90005,2018,1138.0,Census_ACS5
90006,2018,1071.0,Census_ACS5
90007,2018,1154.0,Census_ACS5
90008,2018,1157.0,Census_ACS5
90010,2018,1841.0,Census_ACS5
90011,2018,1123.0,Census_ACS5
90012,2018,1518.0,Census_ACS5
90013,2018,768.0,Census_ACS5
90014,2018,1559.0,Census_ACS5
90015,2018,1204.0,Census_ACS5
90016,2018,1204.0,Census_ACS5
90017,2018,1009.0,Census_ACS5
90018,2018,1122.0,Census_ACS5
90019,2018,1319.0,Census_ACS5
90020,2018,1303.0,Census_ACS5
90021,2018,548.0,Census_ACS5
90022,2018,1078.0,Census_ACS5
90023,2018,1087.0,Census_ACS5
90024,2018,2157.0,Census_ACS5
90025,2018,1918.0,Census_ACS5
90026,2018,1284.0,Census_ACS5
90027,2018,1397.0,Census_ACS5
90028,2018,1364.0,Census_ACS5
90029,2018,1151.0,Census_ACS5
90031,2018,1114.0,Census_ACS5
90032,2018,1152.0,Census_ACS5
90033,2018,1032.0,Census_ACS5
90034,2018,1649.0,Census_ACS5
90035,2018,1864.0,Census_ACS5
90036,2018,2169.0,Census_ACS5
90037,2018,1060.0,Census_ACS5
90038,2018,1229.0,Census_ACS5
90039,2018,1642.0,Census_ACS5
90040,2018,1124.0,Census_ACS5
90041,2018,1381.0,Census_ACS5
90042,2018,1281.0,Census_ACS5
90043,2018,1122.0,Census_ACS5
90044,2018,1092.0,Census_ACS5
90045,2018,1924.0,Census_ACS5
90046,2018,1614.0,Census_ACS5
90047,2018,1198.0,Census_ACS5
90048,2018,2103.0,Census_ACS5
90049,2018,2149.0,Census_ACS5
90056,2018,1740.0,Census_ACS5
90057,2018,1018.0,Census_ACS5
90058,2018,632.0,Census_ACS5
90059,2018,988.0,Census_ACS5
90061,2018,1158.0,Census_ACS5
90062,2018,1185.0,Census_ACS5
90063,2018,1118.0,Census_ACS5
90064,2018,1936.0,Census_ACS5
90065,2018,1250.0,Census_ACS5
90066,2018,1698.0,Census_ACS5
90067,2018,3042.0,Census_ACS5
90068,2018,1710.0,Census_ACS5
90069,2018,1773.0,Census_ACS5
90071,2018,-666666666.0,Census_ACS5
90073,2018,-666666666.0,Census_ACS5
90077,2018,2304.0,Census_ACS5
90094,2018,2967.0,Census_ACS5
90095,2018,-666666666.0,Census_ACS5
90201,2018,1185.0,Census_ACS5
90210,2018,2422.0,Census_ACS5
90211,2018,1900.0,Census_ACS5
90212,2018,2131.0,Census_ACS5
90220,2018,1193.0,Census_ACS5
90221,2018,1153.0,Census_ACS5
90222,2018,1196.0,Census_ACS5
90230,2018,1664.0,Census_ACS5
90232,2018,1702.0,Census_ACS5
90240,2018,1470.0,Census_ACS5
90241,2018,1318.0,Census_ACS5
90242,2018,1416.0,Census_ACS5
90245,2018,1785.0,Census_ACS5
90247,2018,1228.0,Census_ACS5
90248,2018,1239.0,Census_ACS5
90249,2018,1206.0,Census_ACS5
90250,2018,1195.0,Census_ACS5
90254,2018,2143.0,Census_ACS5
90255,2018,1035.0,Census_ACS5
90260,2018,1426.0,Census_ACS5
90262,2018,1161.0,Census_ACS5
90263,2018,-666666666.0,Census_ACS5
90265,2018,2556.0,Census_ACS5
90266,2018,2499.0,Census_ACS5
90270,2018,1028.0,Census_ACS5
90272,2018,2490.0,Census_ACS5
90274,2018,2475.0,Census_ACS5
90275,2018,2678.0,Census_ACS5
90277,2018,1990.0,Census_ACS5
90278,2018,1932.0,Census_ACS5
90280,2018,1125.0,Census_ACS5
90290,2018,2236.0,Census_ACS5
90291,2018,1972.0,Census_ACS5
90292,2018,2851.0,Census_ACS5
90293,2018,2074.0,Census_ACS5
90301,2018,1221.0,Census_ACS5
90302,2018,1275.0,Census_ACS5
90303,2018,1270.0,Census_ACS5
90304,2018,1135.0,Census_ACS5
90305,2018,1453.0,Census_ACS5
90401,2018,1707.0,Census_ACS5
90402,2018,1893.0,Census_ACS5
90403,2018,1900.0,Census_ACS5
90404,2018,1579.0,Census_ACS5
90405,2018,1685.0,Census_ACS5
90501,2018,1367.0,Census_ACS5
90502,2018,1464.0,Census_ACS5
90503,2018,1757.0,Census_ACS5
90504,2018,1474.0,Census_ACS5
90505,2018,1700.0,Census_ACS5
90601,2018,1323.0,Census_ACS5
90602,2018,1247.0,Census_ACS5
90603,2018,1822.0,Census_ACS5
90604,2018,1455.0,Census_ACS5
90605,2018,1437.0,Census_ACS5
90606,2018,1413.0,Census_ACS5
90631,2018,1495.0,Census_ACS5
90638,2018,1636.0,Census_ACS5
90640,2018,1263.0,Census_ACS5
90650,2018,1488.0,Census_ACS5
90660,2018,1304.0,Census_ACS5
90670,2018,1414.0,Census_ACS5
90701,2018,1591.0,Census_ACS5
90703,2018,2256.0,Census_ACS5
90704,2018,1427.0,Census_ACS5
90706,2018,1303.0,Census_ACS5
90710,2018,1166.0,Census_ACS5
90712,2018,1843.0,Census_ACS5
90713,2018,1924.0,Census_ACS5
90715,2018,1599.0,Census_ACS5
90716,2018,1327.0,Census_ACS5
90717,2018,1312.0,Census_ACS5
90723,2018,1335.0,Census_ACS5
90731,2018,1267.0,Census_ACS5
90732,2018,1961.0,Census_ACS5
90744,2018,1111.0,Census_ACS5
90745,2018,1416.0,Census_ACS5
90746,2018,1781.0,Census_ACS5
90755,2018,1398.0,Census_ACS5
90802,2018,1228.0,Census_ACS5
90803,2018,1635.0,Census_ACS5
90804,2018,1278.0,Census_ACS5
90805,2018,1189.0,Census_ACS5
90806,2018,1139.0,Census_ACS5
90807,2018,1366.0,Census_ACS5
90808,2018,1772.0,Census_ACS5
90810,2018,1181.0,Census_ACS5
90813,2018,1071.0,Census_ACS5
90814,2018,1377.0,Census_ACS5
90815,2018,1859.0,Census_ACS5
90822,2018,-666666666.0,Census_ACS5
90831,2018,-666666666.0,Census_ACS5
91001,2018,1639.0,Census_ACS5
91006,2018,1742.0,Census_ACS5
91007,2018,1480.0,Census_ACS5
91010,2018,1522.0,Census_ACS5
91011,2018,2851.0,Census_ACS5
91016,2018,1461.0,Census_ACS5
91020,2018,1603.0,Census_ACS5
91024,2018,1470.0,Census_ACS5
91030,2018,1660.0,Census_ACS5
91040,2018,1400.0,Census_ACS5
91042,2018,1361.0,Census_ACS5
91046,2018,1097.0,Census_ACS5
91101,2018,1633.0,Census_ACS5
91103,2018,1383.0,Census_ACS5
91104,2018,1408.0,Census_ACS5
91105,2018,2338.0,Census_ACS5
91106,2018,1642.0,Census_ACS5
91107,2018,1667.0,Census_ACS5
91108,2018,3501.0,Census_ACS5
91201,2018,1535.0,Census_ACS5
91202,2018,1695.0,Census_ACS5
91203,2018,1550.0,Census_ACS5
91204,2018,1395.0,Census_ACS5
91205,2018,1378.0,Census_ACS5
91206,2018,1558.0,Census_ACS5
91207,2018,1668.0,Census_ACS5
91208,2018,1823.0,Census_ACS5
91214,2018,1840.0,Census_ACS5
91301,2018,2318.0,Census_ACS5
91302,2018,2356.0,Census_ACS5
91303,2018,1446.0,Census_ACS5
91304,2018,1419.0,Census_ACS5
91306,2018,1354.0,Census_ACS5
91307,2018,2727.0,Census_ACS5
91311,2018,1825.0,Census_ACS5
91316,2018,1663.0,Census_ACS5
91321,2018,1539.0,Census_ACS5
91324,2018,1636.0,Census_ACS5
91325,2018,1490.0,Census_ACS5
91326,2018,1895.0,Census_ACS5
91331,2018,1387.0,Census_ACS5
91335,2018,1395.0,Census_ACS5
91340,2018,1343.0,Census_ACS5
91342,2018,1525.0,Census_ACS5
91343,2018,1311.0,Census_ACS5
91344,2018,1754.0,Census_ACS5
91345,2018,1646.0,Census_ACS5
91350,2018,1862.0,Census_ACS5
91351,2018,1668.0,Census_ACS5
91352,2018,1347.0,Census_ACS5
91354,2018,2279.0,Census_ACS5
91355,2018,1933.0,Census_ACS5
91356,2018,1546.0,Census_ACS5
91361,2018,2248.0,Census_ACS5
91362,2018,1988.0,Census_ACS5
91364,2018,2186.0,Census_ACS5
91367,2018,2066.0,Census_ACS5
91381,2018,1899.0,Census_ACS5
91384,2018,1587.0,Census_ACS5
91387,2018,1872.0,Census_ACS5
91390,2018,2177.0,Census_ACS5
91401,2018,1318.0,Census_ACS5
91402,2018,1241.0,Census_ACS5
91403,2018,1749.0,Census_ACS5
91405,2018,1224.0,Census_ACS5
91406,2018,1357.0,Census_ACS5
91411,2018,1361.0,Census_ACS5
91423,2018,1791.0,Census_ACS5
91436,2018,2312.0,Census_ACS5
91501,2018,1653.0,Census_ACS5
91502,2018,1417.0,Census_ACS5
91504,2018,1580.0,Census_ACS5
91505,2018,1808.0,Census_ACS5
91506,2018,1587.0,Census_ACS5
91601,2018,1440.0,Census_ACS5
91602,2018,1702.0,Census_ACS5
91604,2018,1840.0,Census_ACS5
91605,2018,1305.0,Census_ACS5
91606,2018,1243.0,Census_ACS5
91607,2018,1485.0,Census_ACS5
91608,2018,-666666666.0,Census_ACS5
91702,2018,1407.0,Census_ACS5
91706,2018,1430.0,Census_ACS5
91711,2018,1612.0,Census_ACS5
91722,2018,1460.0,Census_ACS5
91723,2018,1320.0,Census_ACS5
91724,2018,1680.0,Census_ACS5
91731,2018,1146.0,Census_ACS5
91732,2018,1242.0,Census_ACS5
91733,2018,1229.0,Census_ACS5
91740,2018,1462.0,Census_ACS5
91741,2018,1730.0,Census_ACS5
91744,2018,1393.0,Census_ACS5
91745,2018,1794.0,Census_ACS5
91746,2018,1348.0,Census_ACS5
91748,2018,1529.0,Census_ACS5
91750,2018,1465.0,Census_ACS5
91754,2018,1296.0,Census_ACS5
91755,2018,1393.0,Census_ACS5
91759,2018,1488.0,Census_ACS5
91765,2018,1952.0,Census_ACS5
91766,2018,1335.0,Census_ACS5
91767,2018,1280.0,Census_ACS5
91768,2018,1204.0,Census_ACS5
91770,2018,1322.0,Census_ACS5
91773,2018,1723.0,Census_ACS5
91775,2018,1529.0,Census_ACS5
91776,2018,1399.0,Census_ACS5
91780,2018,1548.0,Census_ACS5
91789,2018,2166.0,Census_ACS5
91790,2018,1526.0,Census_ACS5
91791,2018,1520.0,Census_ACS5
91792,2018,1694.0,Census_ACS5
91801,2018,1357.0,Census_ACS5
91803,2018,1324.0,Census_ACS5
92397,2018,1168.0,Census_ACS5
93243,2018,797.0,Census_ACS5
93510,2018,1202.0,Census_ACS5
93532,2018,1178.0,Census_ACS5
93534,2018,1066.0,Census_ACS5
93535,2018,1126.0,Census_ACS5
93536,2018,1327.0,Census_ACS5
93543,2018,1322.0,Census_ACS5
93544,2018,-666666666.0,Census_ACS5
93550,2018,1081.0,Census_ACS5
93551,2018,1688.0,Census_ACS5
93552,2018,1625.0,Census_ACS5
93553,2018,1167.0,Census_ACS5
93563,2018,-666666666.0,Census_ACS5
93591,2018,1113.0,Census_ACS5
90001,2019,1150.0,Census_ACS5
90002,2019,1187.0,Census_ACS5
90003,2019,1212.0,Census_ACS5
90004,2019,1307.0,Census_ACS5
90005,2019,1235.0,Census_ACS5
90006,2019,1116.0,Census_ACS5
90007,2019,1182.0,Census_ACS5
90008,2019,1203.0,Census_ACS5
90010,2019,1931.0,Census_ACS5
90011,2019,1178.0,Census_ACS5
90012,2019,1688.0,Census_ACS5
90013,2019,741.0,Census_ACS5
90014,2019,1710.0,Census_ACS5
90015,2019,1375.0,Census_ACS5
90016,2019,1238.0,Census_ACS5
90017,2019,1117.0,Census_ACS5
90018,2019,1189.0,Census_ACS5
90019,2019,1407.0,Census_ACS5
90020,2019,1376.0,Census_ACS5
90021,2019,647.0,Census_ACS5
90022,2019,1107.0,Census_ACS5
90023,2019,1139.0,Census_ACS5
90024,2019,2265.0,Census_ACS5
90025,2019,2062.0,Census_ACS5
90026,2019,1355.0,Census_ACS5
90027,2019,1468.0,Census_ACS5
90028,2019,1419.0,Census_ACS5
90029,2019,1200.0,Census_ACS5
90031,2019,1161.0,Census_ACS5
90032,2019,1205.0,Census_ACS5
90033,2019,1091.0,Census_ACS5
90034,2019,1727.0,Census_ACS5
90035,2019,1921.0,Census_ACS5
90036,2019,2265.0,Census_ACS5
90037,2019,1106.0,Census_ACS5
90038,2019,1330.0,Census_ACS5
90039,2019,1727.0,Census_ACS5
90040,2019,1163.0,Census_ACS5
90041,2019,1460.0,Census_ACS5
90042,2019,1342.0,Census_ACS5
90043,2019,1137.0,Census_ACS5
90044,2019,1137.0,Census_ACS5
90045,2019,2132.0,Census_ACS5
90046,2019,1699.0,Census_ACS5
90047,2019,1241.0,Census_ACS5
90048,2019,2144.0,Census_ACS5
90049,2019,2238.0,Census_ACS5
90056,2019,1826.0,Census_ACS5
90057,2019,1079.0,Census_ACS5
90058,2019,635.0,Census_ACS5
90059,2019,986.0,Census_ACS5
90061,2019,1179.0,Census_ACS5
90062,2019,1255.0,Census_ACS5
90063,2019,1175.0,Census_ACS5
90064,2019,1955.0,Census_ACS5
90065,2019,1318.0,Census_ACS5
90066,2019,1783.0,Census_ACS5
90067,2019,3045.0,Census_ACS5
90068,2019,1770.0,Census_ACS5
90069,2019,1832.0,Census_ACS5
90071,2019,1671.0,Census_ACS5
90073,2019,-666666666.0,Census_ACS5
90077,2019,2566.0,Census_ACS5
90094,2019,3042.0,Census_ACS5
90095,2019,-666666666.0,Census_ACS5
90201,2019,1245.0,Census_ACS5
90210,2019,2488.0,Census_ACS5
90211,2019,1922.0,Census_ACS5
90212,2019,2323.0,Census_ACS5
90220,2019,1233.0,Census_ACS5
90221,2019,1196.0,Census_ACS5
90222,2019,1208.0,Census_ACS5
90230,2019,1789.0,Census_ACS5
90232,2019,1778.0,Census_ACS5
90240,2019,1547.0,Census_ACS5
90241,2019,1402.0,Census_ACS5
90242,2019,1509.0,Census_ACS5
90245,2019,1928.0,Census_ACS5
90247,2019,1290.0,Census_ACS5
90248,2019,1275.0,Census_ACS5
90249,2019,1248.0,Census_ACS5
90250,2019,1271.0,Census_ACS5
90254,2019,2181.0,Census_ACS5
90255,2019,1095.0,Census_ACS5
90260,2019,1493.0,Census_ACS5
90262,2019,1212.0,Census_ACS5
90263,2019,-666666666.0,Census_ACS5
90265,2019,2396.0,Census_ACS5
90266,2019,2628.0,Census_ACS5
90270,2019,1104.0,Census_ACS5
90272,2019,2537.0,Census_ACS5
90274,2019,2619.0,Census_ACS5
90275,2019,2645.0,Census_ACS5
90277,2019,2061.0,Census_ACS5
90278,2019,2049.0,Census_ACS5
90280,2019,1160.0,Census_ACS5
90290,2019,2853.0,Census_ACS5
90291,2019,2100.0,Census_ACS5
90292,2019,2968.0,Census_ACS5
90293,2019,2281.0,Census_ACS5
90301,2019,1300.0,Census_ACS5
90302,2019,1376.0,Census_ACS5
90303,2019,1364.0,Census_ACS5
90304,2019,1180.0,Census_ACS5
90305,2019,1576.0,Census_ACS5
90401,2019,1796.0,Census_ACS5
90402,2019,1817.0,Census_ACS5
90403,2019,1959.0,Census_ACS5
90404,2019,1702.0,Census_ACS5
90405,2019,1748.0,Census_ACS5
90501,2019,1448.0,Census_ACS5
90502,2019,1418.0,Census_ACS5
90503,2019,1815.0,Census_ACS5
90504,2019,1563.0,Census_ACS5
90505,2019,1781.0,Census_ACS5
90601,2019,1372.0,Census_ACS5
90602,2019,1278.0,Census_ACS5
90603,2019,1891.0,Census_ACS5
90604,2019,1501.0,Census_ACS5
90605,2019,1507.0,Census_ACS5
90606,2019,1497.0,Census_ACS5
90631,2019,1576.0,Census_ACS5
90638,2019,1687.0,Census_ACS5
90640,2019,1334.0,Census_ACS5
90650,2019,1592.0,Census_ACS5
90660,2019,1403.0,Census_ACS5
90670,2019,1413.0,Census_ACS5
90701,2019,1662.0,Census_ACS5
90703,2019,2385.0,Census_ACS5
90704,2019,1555.0,Census_ACS5
90706,2019,1368.0,Census_ACS5
90710,2019,1203.0,Census_ACS5
90712,2019,1991.0,Census_ACS5
90713,2019,1998.0,Census_ACS5
90715,2019,1699.0,Census_ACS5
90716,2019,1403.0,Census_ACS5
90717,2019,1377.0,Census_ACS5
90723,2019,1388.0,Census_ACS5
90731,2019,1330.0,Census_ACS5
90732,2019,2034.0,Census_ACS5
90744,2019,1146.0,Census_ACS5
90745,2019,1485.0,Census_ACS5
90746,2019,1759.0,Census_ACS5
90755,2019,1449.0,Census_ACS5
90802,2019,1307.0,Census_ACS5
90803,2019,1703.0,Census_ACS5
90804,2019,1360.0,Census_ACS5
90805,2019,1212.0,Census_ACS5
90806,2019,1189.0,Census_ACS5
90807,2019,1411.0,Census_ACS5
90808,2019,1832.0,Census_ACS5
90810,2019,1175.0,Census_ACS5
90813,2019,1147.0,Census_ACS5
90814,2019,1455.0,Census_ACS5
90815,2019,1865.0,Census_ACS5
90822,2019,-666666666.0,Census_ACS5
90831,2019,-666666666.0,Census_ACS5
91001,2019,1728.0,Census_ACS5
91006,2019,1749.0,Census_ACS5
91007,2019,1624.0,Census_ACS5
91010,2019,1547.0,Census_ACS5
91011,2019,2858.0,Census_ACS5
91016,2019,1577.0,Census_ACS5
91020,2019,1708.0,Census_ACS5
91024,2019,1615.0,Census_ACS5
91030,2019,1802.0,Census_ACS5
91040,2019,1411.0,Census_ACS5
91042,2019,1495.0,Census_ACS5
91046,2019,1292.0,Census_ACS5
91101,2019,1773.0,Census_ACS5
91103,2019,1488.0,Census_ACS5
91104,2019,1510.0,Census_ACS5
91105,2019,2466.0,Census_ACS5
91106,2019,1717.0,Census_ACS5
91107,2019,1744.0,Census_ACS5
91108,2019,3218.0,Census_ACS5
91201,2019,1593.0,Census_ACS5
91202,2019,1754.0,Census_ACS5
91203,2019,1678.0,Census_ACS5
91204,2019,1456.0,Census_ACS5
91205,2019,1480.0,Census_ACS5
91206,2019,1645.0,Census_ACS5
91207,2019,1711.0,Census_ACS5
91208,2019,1975.0,Census_ACS5
91214,2019,1945.0,Census_ACS5
91301,2019,2536.0,Census_ACS5
91302,2019,2498.0,Census_ACS5
91303,2019,1541.0,Census_ACS5
91304,2019,1521.0,Census_ACS5
91306,2019,1426.0,Census_ACS5
91307,2019,2787.0,Census_ACS5
91311,2019,1868.0,Census_ACS5
91316,2019,1746.0,Census_ACS5
91321,2019,1642.0,Census_ACS5
91324,2019,1744.0,Census_ACS5
91325,2019,1569.0,Census_ACS5
91326,2019,1895.0,Census_ACS5
91331,2019,1436.0,Census_ACS5
91335,2019,1459.0,Census_ACS5
91340,2019,1381.0,Census_ACS5
91342,2019,1607.0,Census_ACS5
91343,2019,1389.0,Census_ACS5
91344,2019,1817.0,Census_ACS5
91345,2019,1636.0,Census_ACS5
91350,2019,1933.0,Census_ACS5
91351,2019,1711.0,Census_ACS5
91352,2019,1399.0,Census_ACS5
91354,2019,2352.0,Census_ACS5
91355,2019,2040.0,Census_ACS5
91356,2019,1624.0,Census_ACS5
91361,2019,2317.0,Census_ACS5
91362,2019,2119.0,Census_ACS5
91364,2019,2440.0,Census_ACS5
91367,2019,2196.0,Census_ACS5
91381,2019,2041.0,Census_ACS5
91384,2019,1727.0,Census_ACS5
91387,2019,1943.0,Census_ACS5
91390,2019,2242.0,Census_ACS5
91401,2019,1403.0,Census_ACS5
91402,2019,1311.0,Census_ACS5
91403,2019,1908.0,Census_ACS5
91405,2019,1290.0,Census_ACS5
91406,2019,1448.0,Census_ACS5
91411,2019,1454.0,Census_ACS5
91423,2019,1857.0,Census_ACS5
91436,2019,2592.0,Census_ACS5
91501,2019,1684.0,Census_ACS5
91502,2019,1478.0,Census_ACS5
91504,2019,1728.0,Census_ACS5
91505,2019,1858.0,Census_ACS5
91506,2019,1607.0,Census_ACS5
91601,2019,1538.0,Census_ACS5
91602,2019,1755.0,Census_ACS5
91604,2019,1970.0,Census_ACS5
91605,2019,1363.0,Census_ACS5
91606,2019,1308.0,Census_ACS5
91607,2019,1611.0,Census_ACS5
91608,2019,-666666666.0,Census_ACS5
91702,2019,1485.0,Census_ACS5
91706,2019,1467.0,Census_ACS5
91711,2019,1571.0,Census_ACS5
91722,2019,1598.0,Census_ACS5
91723,2019,1420.0,Census_ACS5
91724,2019,1726.0,Census_ACS5
91731,2019,1201.0,Census_ACS5
91732,2019,1318.0,Census_ACS5
91733,2019,1332.0,Census_ACS5
91740,2019,1655.0,Census_ACS5
91741,2019,1807.0,Census_ACS5
91744,2019,1464.0,Census_ACS5
91745,2019,1883.0,Census_ACS5
91746,2019,1396.0,Census_ACS5
91748,2019,1606.0,Census_ACS5
91750,2019,1528.0,Census_ACS5
91754,2019,1345.0,Census_ACS5
91755,2019,1444.0,Census_ACS5
91759,2019,1469.0,Census_ACS5
91765,2019,2021.0,Census_ACS5
91766,2019,1406.0,Census_ACS5
91767,2019,1367.0,Census_ACS5
91768,2019,1252.0,Census_ACS5
91770,2019,1374.0,Census_ACS5
91773,2019,1800.0,Census_ACS5
91775,2019,1611.0,Census_ACS5
91776,2019,1452.0,Census_ACS5
91780,2019,1631.0,Census_ACS5
91789,2019,2272.0,Census_ACS5
91790,2019,1665.0,Census_ACS5
91791,2019,1557.0,Census_ACS5
91792,2019,1751.0,Census_ACS5
91801,2019,1453.0,Census_ACS5
91803,2019,1390.0,Census_ACS5
92397,2019,1030.0,Census_ACS5
93243,2019,1005.0,Census_ACS5
93510,2019,1488.0,Census_ACS5
93532,2019,1344.0,Census_ACS5
93534,2019,1115.0,Census_ACS5
93535,2019,1153.0,Census_ACS5
93536,2019,1371.0,Census_ACS5
93543,2019,1273.0,Census_ACS5
93544,2019,-666666666.0,Census_ACS5
93550,2019,1143.0,Census_ACS5
93551,2019,1712.0,Census_ACS5
93552,2019,1679.0,Census_ACS5
93553,2019,1325.0,Census_ACS5
93563,2019,-666666666.0,Census_ACS5
93591,2019,1185.0,Census_ACS5
93536,2020,1397.0,Census_ACS5
93591,2020,1340.0,Census_ACS5
92397,2020,1132.0,Census_ACS5
91724,2020,1676.0,Census_ACS5
91103,2020,1561.0,Census_ACS5
91046,2020,1373.0,Census_ACS5
91387,2020,2046.0,Census_ACS5
91390,2020,2094.0,Census_ACS5
93552,2020,1565.0,Census_ACS5
90250,2020,1340.0,Census_ACS5
90601,2020,1414.0,Census_ACS5
90254,2020,2246.0,Census_ACS5
90710,2020,1238.0,Census_ACS5
90073,2020,-666666666.0,Census_ACS5
90094,2020,3159.0,Census_ACS5
90095,2020,-666666666.0,Census_ACS5
90755,2020,1600.0,Census_ACS5
90831,2020,-666666666.0,Census_ACS5
91502,2020,1585.0,Census_ACS5
91602,2020,1828.0,Census_ACS5
91706,2020,1518.0,Census_ACS5
91711,2020,1609.0,Census_ACS5
91001,2020,1808.0,Census_ACS5
91354,2020,2450.0,Census_ACS5
91010,2020,1644.0,Census_ACS5
91203,2020,1754.0,Census_ACS5
91340,2020,1429.0,Census_ACS5
91362,2020,2296.0,Census_ACS5
91364,2020,2516.0,Census_ACS5
91202,2020,1855.0,Census_ACS5
91207,2020,1832.0,Census_ACS5
91208,2020,1919.0,Census_ACS5
91214,2020,2010.0,Census_ACS5
91307,2020,3211.0,Census_ACS5
91311,2020,1924.0,Census_ACS5
91344,2020,1891.0,Census_ACS5
91775,2020,1698.0,Census_ACS5
91790,2020,1775.0,Census_ACS5
91020,2020,1740.0,Census_ACS5
91030,2020,1830.0,Census_ACS5
91104,2020,1608.0,Census_ACS5
91205,2020,1580.0,Census_ACS5
91007,2020,1731.0,Census_ACS5
91042,2020,1449.0,Census_ACS5
91206,2020,1729.0,Census_ACS5
91301,2020,2712.0,Census_ACS5
91321,2020,1707.0,Census_ACS5
91350,2020,2199.0,Census_ACS5
91351,2020,1779.0,Census_ACS5
91361,2020,2382.0,Census_ACS5
91601,2020,1668.0,Census_ACS5
91606,2020,1375.0,Census_ACS5
91732,2020,1392.0,Census_ACS5
91755,2020,1549.0,Census_ACS5
91801,2020,1537.0,Census_ACS5
91803,2020,1423.0,Census_ACS5
91789,2020,2368.0,Census_ACS5
91791,2020,1632.0,Census_ACS5
91040,2020,1282.0,Census_ACS5
91352,2020,1463.0,Census_ACS5
91101,2020,1892.0,Census_ACS5
90014,2020,1634.0,Census_ACS5
90026,2020,1407.0,Census_ACS5
90033,2020,1140.0,Census_ACS5
90038,2020,1424.0,Census_ACS5
90040,2020,1121.0,Census_ACS5
90044,2020,1163.0,Census_ACS5
90057,2020,1150.0,Census_ACS5
90067,2020,3245.0,Census_ACS5
90068,2020,1816.0,Census_ACS5
90069,2020,1926.0,Census_ACS5
90210,2020,2723.0,Census_ACS5
90221,2020,1293.0,Census_ACS5
90232,2020,1943.0,Census_ACS5
90240,2020,1639.0,Census_ACS5
90247,2020,1372.0,Census_ACS5
90274,2020,2784.0,Census_ACS5
90293,2020,2312.0,Census_ACS5
90301,2020,1354.0,Census_ACS5
90504,2020,1781.0,Census_ACS5
90602,2020,1346.0,Census_ACS5
90631,2020,1649.0,Census_ACS5
90814,2020,1566.0,Census_ACS5
90815,2020,2030.0,Census_ACS5
90071,2020,1668.0,Census_ACS5
90230,2020,1928.0,Census_ACS5
90249,2020,1247.0,Census_ACS5
90808,2020,1972.0,Census_ACS5
90701,2020,1747.0,Census_ACS5
90802,2020,1404.0,Census_ACS5
90805,2020,1264.0,Census_ACS5
90004,2020,1400.0,Census_ACS5
90006,2020,1153.0,Census_ACS5
90032,2020,1227.0,Census_ACS5
90042,2020,1414.0,Census_ACS5
90043,2020,1199.0,Census_ACS5
90047,2020,1277.0,Census_ACS5
90049,2020,2360.0,Census_ACS5
90212,2020,2228.0,Census_ACS5
90245,2020,2022.0,Census_ACS5
90277,2020,2185.0,Census_ACS5
90290,2020,3501.0,Census_ACS5
90302,2020,1430.0,Census_ACS5
90503,2020,1865.0,Census_ACS5
90605,2020,1534.0,Census_ACS5
90606,2020,1498.0,Census_ACS5
90703,2020,2433.0,Census_ACS5
90732,2020,2097.0,Census_ACS5
90021,2020,740.0,Census_ACS5
90059,2020,1029.0,Census_ACS5
90280,2020,1211.0,Census_ACS5
90405,2020,1808.0,Census_ACS5
90706,2020,1432.0,Census_ACS5
90018,2020,1271.0,Census_ACS5
90272,2020,2743.0,Census_ACS5
90291,2020,2135.0,Census_ACS5
90303,2020,1456.0,Census_ACS5
90403,2020,2064.0,Census_ACS5
90502,2020,1540.0,Census_ACS5
90603,2020,1938.0,Census_ACS5
90604,2020,1529.0,Census_ACS5
90007,2020,1201.0,Census_ACS5
90015,2020,1832.0,Census_ACS5
90003,2020,1252.0,Census_ACS5
90020,2020,1428.0,Census_ACS5
90023,2020,1190.0,Census_ACS5
90027,2020,1553.0,Census_ACS5
90039,2020,1752.0,Census_ACS5
90045,2020,2301.0,Census_ACS5
90046,2020,1770.0,Census_ACS5
90077,2020,2473.0,Census_ACS5
90260,2020,1583.0,Census_ACS5
90262,2020,1261.0,Census_ACS5
90263,2020,-666666666.0,Census_ACS5
90278,2020,2074.0,Census_ACS5
90211,2020,2182.0,Census_ACS5
90056,2020,1887.0,Census_ACS5
90058,2020,775.0,Census_ACS5
90062,2020,1289.0,Census_ACS5
90220,2020,1200.0,Census_ACS5
90222,2020,1234.0,Census_ACS5
90255,2020,1152.0,Census_ACS5
90265,2020,2805.0,Census_ACS5
90266,2020,2582.0,Census_ACS5
90292,2020,3037.0,Census_ACS5
90304,2020,1190.0,Census_ACS5
90505,2020,1853.0,Census_ACS5
90640,2020,1442.0,Census_ACS5
90650,2020,1678.0,Census_ACS5
90002,2020,1246.0,Census_ACS5
90005,2020,1305.0,Census_ACS5
90011,2020,1228.0,Census_ACS5
93544,2020,-666666666.0,Census_ACS5
91506,2020,1572.0,Census_ACS5
91754,2020,1465.0,Census_ACS5
91765,2020,2063.0,Census_ACS5
91731,2020,1284.0,Census_ACS5
91733,2020,1372.0,Census_ACS5
91741,2020,1823.0,Census_ACS5
91745,2020,1873.0,Census_ACS5
91768,2020,1356.0,Census_ACS5
91780,2020,1681.0,Census_ACS5
91792,2020,1800.0,Census_ACS5
91325,2020,1640.0,Census_ACS5
91326,2020,2013.0,Census_ACS5
91345,2020,1610.0,Census_ACS5
91356,2020,1606.0,Census_ACS5
91402,2020,1337.0,Census_ACS5
91436,2020,2732.0,Census_ACS5
91501,2020,1742.0,Census_ACS5
91605,2020,1432.0,Census_ACS5
91723,2020,1517.0,Census_ACS5
91740,2020,1744.0,Census_ACS5
91744,2020,1478.0,Census_ACS5
91746,2020,1428.0,Census_ACS5
91750,2020,1646.0,Census_ACS5
91759,2020,1447.0,Census_ACS5
93535,2020,1232.0,Census_ACS5
93510,2020,1344.0,Census_ACS5
91766,2020,1427.0,Census_ACS5
91767,2020,1409.0,Census_ACS5
91770,2020,1421.0,Census_ACS5
91776,2020,1496.0,Census_ACS5
93543,2020,1277.0,Census_ACS5
91403,2020,1987.0,Census_ACS5
91411,2020,1542.0,Census_ACS5
90242,2020,1593.0,Census_ACS5
90713,2020,2073.0,Census_ACS5
90715,2020,1722.0,Census_ACS5
90716,2020,1479.0,Census_ACS5
90717,2020,1422.0,Census_ACS5
90731,2020,1366.0,Census_ACS5
90744,2020,1171.0,Census_ACS5
90746,2020,1889.0,Census_ACS5
90822,2020,-666666666.0,Census_ACS5
90008,2020,1245.0,Census_ACS5
90013,2020,712.0,Census_ACS5
90016,2020,1379.0,Census_ACS5
90017,2020,1133.0,Census_ACS5
90036,2020,2293.0,Census_ACS5
90064,2020,2148.0,Census_ACS5
90065,2020,1435.0,Census_ACS5
90241,2020,1519.0,Census_ACS5
90248,2020,1256.0,Census_ACS5
90270,2020,1153.0,Census_ACS5
90275,2020,2841.0,Census_ACS5
91367,2020,2280.0,Census_ACS5
91006,2020,1685.0,Census_ACS5
91011,2020,3186.0,Census_ACS5
91201,2020,1695.0,Census_ACS5
91302,2020,2454.0,Census_ACS5
91381,2020,2176.0,Census_ACS5
91384,2020,1754.0,Census_ACS5
91405,2020,1378.0,Census_ACS5
91505,2020,1953.0,Census_ACS5
91607,2020,1679.0,Census_ACS5
91722,2020,1612.0,Census_ACS5
91748,2020,1605.0,Census_ACS5
91773,2020,1821.0,Census_ACS5
91304,2020,1576.0,Census_ACS5
91324,2020,1887.0,Census_ACS5
91335,2020,1520.0,Census_ACS5
91342,2020,1669.0,Census_ACS5
91343,2020,1445.0,Census_ACS5
91105,2020,2518.0,Census_ACS5
91016,2020,1682.0,Census_ACS5
91108,2020,3501.0,Census_ACS5
91204,2020,1592.0,Census_ACS5
91303,2020,1622.0,Census_ACS5
91306,2020,1509.0,Census_ACS5
91331,2020,1400.0,Census_ACS5
91604,2020,2038.0,Census_ACS5
91608,2020,-666666666.0,Census_ACS5
91702,2020,1557.0,Census_ACS5
91024,2020,1722.0,Census_ACS5
91106,2020,1774.0,Census_ACS5
91107,2020,1820.0,Census_ACS5
91355,2020,2144.0,Census_ACS5
91401,2020,1497.0,Census_ACS5
91406,2020,1559.0,Census_ACS5
91423,2020,1884.0,Census_ACS5
93532,2020,1217.0,Census_ACS5
93550,2020,1182.0,Census_ACS5
93551,2020,1722.0,Census_ACS5
93563,2020,-666666666.0,Census_ACS5
90305,2020,1666.0,Census_ACS5
90401,2020,2010.0,Census_ACS5
90402,2020,1984.0,Census_ACS5
90404,2020,1755.0,Census_ACS5
90670,2020,1499.0,Census_ACS5
90745,2020,1517.0,Census_ACS5
90806,2020,1246.0,Census_ACS5
90813,2020,1198.0,Census_ACS5
90001,2020,1192.0,Census_ACS5
90012,2020,1706.0,Census_ACS5
90034,2020,1811.0,Census_ACS5
90061,2020,1206.0,Census_ACS5
90066,2020,1916.0,Census_ACS5
90638,2020,1583.0,Census_ACS5
90712,2020,2091.0,Census_ACS5
90804,2020,1410.0,Census_ACS5
90807,2020,1488.0,Census_ACS5
90810,2020,1211.0,Census_ACS5
90501,2020,1491.0,Census_ACS5
90660,2020,1393.0,Census_ACS5
90704,2020,1635.0,Census_ACS5
90723,2020,1462.0,Census_ACS5
90803,2020,1723.0,Census_ACS5
90022,2020,1144.0,Census_ACS5
90019,2020,1474.0,Census_ACS5
90028,2020,1503.0,Census_ACS5
90037,2020,1151.0,Census_ACS5
90041,2020,1492.0,Census_ACS5
90048,2020,2094.0,Census_ACS5
91316,2020,1823.0,Census_ACS5
91504,2020,1814.0,Census_ACS5
93243,2020,1015.0,Census_ACS5
93534,2020,1152.0,Census_ACS5
93553,2020,1339.0,Census_ACS5
90010,2020,2089.0,Census_ACS5
90024,2020,2323.0,Census_ACS5
90025,2020,2163.0,Census_ACS5
90029,2020,1259.0,Census_ACS5
90201,2020,1287.0,Census_ACS5
90031,2020,1210.0,Census_ACS5
90035,2020,2016.0,Census_ACS5
90063,2020,1186.0,Census_ACS5
90001,2021,1262.0,Census_ACS5
90002,2021,1287.0,Census_ACS5
90003,2021,1293.0,Census_ACS5
90004,2021,1530.0,Census_ACS5
90005,2021,1413.0,Census_ACS5
90006,2021,1234.0,Census_ACS5
90007,2021,1252.0,Census_ACS5
90008,2021,1377.0,Census_ACS5
90010,2021,2253.0,Census_ACS5
90011,2021,1307.0,Census_ACS5
90012,2021,1859.0,Census_ACS5
90013,2021,855.0,Census_ACS5
90014,2021,1460.0,Census_ACS5
90015,2021,2094.0,Census_ACS5
90016,2021,1436.0,Census_ACS5
90017,2021,1280.0,Census_ACS5
90018,2021,1356.0,Census_ACS5
90019,2021,1574.0,Census_ACS5
90020,2021,1524.0,Census_ACS5
90021,2021,756.0,Census_ACS5
90022,2021,1208.0,Census_ACS5
90023,2021,1260.0,Census_ACS5
90024,2021,2441.0,Census_ACS5
90025,2021,2271.0,Census_ACS5
90026,2021,1497.0,Census_ACS5
90027,2021,1684.0,Census_ACS5
90028,2021,1612.0,Census_ACS5
90029,2021,1367.0,Census_ACS5
90031,2021,1277.0,Census_ACS5
90032,2021,1351.0,Census_ACS5
90033,2021,1196.0,Census_ACS5
90034,2021,1925.0,Census_ACS5
90035,2021,2183.0,Census_ACS5
90036,2021,2393.0,Census_ACS5
90037,2021,1265.0,Census_ACS5
90038,2021,1542.0,Census_ACS5
90039,2021,1887.0,Census_ACS5
90040,2021,1156.0,Census_ACS5
90041,2021,1627.0,Census_ACS5
90042,2021,1581.0,Census_ACS5
90043,2021,1260.0,Census_ACS5
90044,2021,1235.0,Census_ACS5
90045,2021,2542.0,Census_ACS5
90046,2021,1860.0,Census_ACS5
90047,2021,1310.0,Census_ACS5
90048,2021,2162.0,Census_ACS5
90049,2021,2554.0,Census_ACS5
90056,2021,1911.0,Census_ACS5
90057,2021,1260.0,Census_ACS5
90058,2021,882.0,Census_ACS5
90059,2021,1131.0,Census_ACS5
90061,2021,1304.0,Census_ACS5
90062,2021,1375.0,Census_ACS5
90063,2021,1252.0,Census_ACS5
90064,2021,2282.0,Census_ACS5
90065,2021,1588.0,Census_ACS5
90066,2021,1901.0,Census_ACS5
90067,2021,3362.0,Census_ACS5
90068,2021,1837.0,Census_ACS5
90069,2021,2092.0,Census_ACS5
90071,2021,-666666666.0,Census_ACS5
90073,2021,-666666666.0,Census_ACS5
90077,2021,2667.0,Census_ACS5
90094,2021,3479.0,Census_ACS5
90095,2021,-666666666.0,Census_ACS5
90201,2021,1368.0,Census_ACS5
90210,2021,2872.0,Census_ACS5
90211,2021,2369.0,Census_ACS5
90212,2021,2367.0,Census_ACS5
90220,2021,1278.0,Census_ACS5
90221,2021,1366.0,Census_ACS5
90222,2021,1295.0,Census_ACS5
90230,2021,2129.0,Census_ACS5
90232,2021,2245.0,Census_ACS5
90240,2021,1730.0,Census_ACS5
90241,2021,1636.0,Census_ACS5
90242,2021,1703.0,Census_ACS5
90245,2021,2210.0,Census_ACS5
90247,2021,1483.0,Census_ACS5
90248,2021,1410.0,Census_ACS5
90249,2021,1375.0,Census_ACS5
90250,2021,1465.0,Census_ACS5
90254,2021,2498.0,Census_ACS5
90255,2021,1215.0,Census_ACS5
90260,2021,1686.0,Census_ACS5
90262,2021,1355.0,Census_ACS5
90263,2021,-666666666.0,Census_ACS5
90265,2021,3103.0,Census_ACS5
90266,2021,2893.0,Census_ACS5
90270,2021,1226.0,Census_ACS5
90272,2021,2977.0,Census_ACS5
90274,2021,2931.0,Census_ACS5
90275,2021,3045.0,Census_ACS5
90277,2021,2315.0,Census_ACS5
90278,2021,2222.0,Census_ACS5
90280,2021,1278.0,Census_ACS5
90290,2021,3501.0,Census_ACS5
90291,2021,2304.0,Census_ACS5
90292,2021,3179.0,Census_ACS5
90293,2021,2380.0,Census_ACS5
90301,2021,1420.0,Census_ACS5
90302,2021,1550.0,Census_ACS5
90303,2021,1498.0,Census_ACS5
90304,2021,1255.0,Census_ACS5
90305,2021,1662.0,Census_ACS5
90401,2021,2201.0,Census_ACS5
90402,2021,2083.0,Census_ACS5
90403,2021,2200.0,Census_ACS5
90404,2021,1900.0,Census_ACS5
90405,2021,1970.0,Census_ACS5
90501,2021,1578.0,Census_ACS5
90502,2021,1550.0,Census_ACS5
90503,2021,1943.0,Census_ACS5
90504,2021,1889.0,Census_ACS5
90505,2021,2000.0,Census_ACS5
90601,2021,1567.0,Census_ACS5
90602,2021,1466.0,Census_ACS5
90603,2021,1963.0,Census_ACS5
90604,2021,1630.0,Census_ACS5
90605,2021,1572.0,Census_ACS5
90606,2021,1606.0,Census_ACS5
90631,2021,1747.0,Census_ACS5
90638,2021,1796.0,Census_ACS5
90640,2021,1543.0,Census_ACS5
90650,2021,1738.0,Census_ACS5
90660,2021,1569.0,Census_ACS5
90670,2021,1638.0,Census_ACS5
90701,2021,1856.0,Census_ACS5
90703,2021,2459.0,Census_ACS5
90704,2021,1677.0,Census_ACS5
90706,2021,1570.0,Census_ACS5
90710,2021,1321.0,Census_ACS5
90712,2021,2058.0,Census_ACS5
90713,2021,2268.0,Census_ACS5
90715,2021,1873.0,Census_ACS5
90716,2021,1584.0,Census_ACS5
90717,2021,1528.0,Census_ACS5
90723,2021,1555.0,Census_ACS5
90731,2021,1453.0,Census_ACS5
90732,2021,2244.0,Census_ACS5
90744,2021,1245.0,Census_ACS5
90745,2021,1608.0,Census_ACS5
90746,2021,2450.0,Census_ACS5
90755,2021,1565.0,Census_ACS5
90802,2021,1520.0,Census_ACS5
90803,2021,1831.0,Census_ACS5
90804,2021,1508.0,Census_ACS5
90805,2021,1407.0,Census_ACS5
90806,2021,1355.0,Census_ACS5
90807,2021,1643.0,Census_ACS5
90808,2021,1933.0,Census_ACS5
90810,2021,1327.0,Census_ACS5
90813,2021,1312.0,Census_ACS5
90814,2021,1743.0,Census_ACS5
90815,2021,2054.0,Census_ACS5
90822,2021,-666666666.0,Census_ACS5
90831,2021,-666666666.0,Census_ACS5
91001,2021,1824.0,Census_ACS5
91006,2021,1795.0,Census_ACS5
91007,2021,1833.0,Census_ACS5
91010,2021,1820.0,Census_ACS5
91011,2021,3413.0,Census_ACS5
91016,2021,1780.0,Census_ACS5
91020,2021,1826.0,Census_ACS5
91024,2021,1825.0,Census_ACS5
91030,2021,1914.0,Census_ACS5
91040,2021,1657.0,Census_ACS5
91042,2021,1518.0,Census_ACS5
91046,2021,1350.0,Census_ACS5
91101,2021,1980.0,Census_ACS5
91103,2021,1690.0,Census_ACS5
91104,2021,1737.0,Census_ACS5
91105,2021,2663.0,Census_ACS5
91106,2021,1885.0,Census_ACS5
91107,2021,1984.0,Census_ACS5
91108,2021,3501.0,Census_ACS5
91201,2021,1792.0,Census_ACS5
91202,2021,1988.0,Census_ACS5
91203,2021,2014.0,Census_ACS5
91204,2021,1658.0,Census_ACS5
91205,2021,1686.0,Census_ACS5
91206,2021,1904.0,Census_ACS5
91207,2021,2011.0,Census_ACS5
91208,2021,2059.0,Census_ACS5
91214,2021,2149.0,Census_ACS5
91301,2021,2985.0,Census_ACS5
91302,2021,2620.0,Census_ACS5
91303,2021,1754.0,Census_ACS5
91304,2021,1697.0,Census_ACS5
91306,2021,1609.0,Census_ACS5
91307,2021,3267.0,Census_ACS5
91311,2021,1978.0,Census_ACS5
91316,2021,1886.0,Census_ACS5
91321,2021,1851.0,Census_ACS5
91324,2021,1947.0,Census_ACS5
91325,2021,1730.0,Census_ACS5
91326,2021,2229.0,Census_ACS5
91331,2021,1510.0,Census_ACS5
91335,2021,1618.0,Census_ACS5
91340,2021,1490.0,Census_ACS5
91342,2021,1767.0,Census_ACS5
91343,2021,1565.0,Census_ACS5
91344,2021,2016.0,Census_ACS5
91345,2021,1770.0,Census_ACS5
91350,2021,2152.0,Census_ACS5
91351,2021,2001.0,Census_ACS5
91352,2021,1603.0,Census_ACS5
91354,2021,2579.0,Census_ACS5
91355,2021,2303.0,Census_ACS5
91356,2021,1720.0,Census_ACS5
91361,2021,2438.0,Census_ACS5
91362,2021,2364.0,Census_ACS5
91364,2021,2575.0,Census_ACS5
91367,2021,2384.0,Census_ACS5
91381,2021,2348.0,Census_ACS5
91384,2021,1767.0,Census_ACS5
91387,2021,2186.0,Census_ACS5
91390,2021,2194.0,Census_ACS5
91401,2021,1595.0,Census_ACS5
91402,2021,1408.0,Census_ACS5
91403,2021,2150.0,Census_ACS5
91405,2021,1494.0,Census_ACS5
91406,2021,1642.0,Census_ACS5
91411,2021,1647.0,Census_ACS5
91423,2021,2044.0,Census_ACS5
91436,2021,2804.0,Census_ACS5
91501,2021,1864.0,Census_ACS5
91502,2021,1671.0,Census_ACS5
91504,2021,1853.0,Census_ACS5
91505,2021,2007.0,Census_ACS5
91506,2021,1778.0,Census_ACS5
91601,2021,1780.0,Census_ACS5
91602,2021,1895.0,Census_ACS5
91604,2021,2228.0,Census_ACS5
91605,2021,1586.0,Census_ACS5
91606,2021,1493.0,Census_ACS5
91607,2021,1761.0,Census_ACS5
91608,2021,-666666666.0,Census_ACS5
91702,2021,1663.0,Census_ACS5
91706,2021,1617.0,Census_ACS5
91711,2021,1828.0,Census_ACS5
91722,2021,1692.0,Census_ACS5
91723,2021,1545.0,Census_ACS5
91724,2021,1865.0,Census_ACS5
91731,2021,1369.0,Census_ACS5
91732,2021,1503.0,Census_ACS5
91733,2021,1439.0,Census_ACS5
91740,2021,1861.0,Census_ACS5
91741,2021,1865.0,Census_ACS5
91744,2021,1670.0,Census_ACS5
91745,2021,1952.0,Census_ACS5
91746,2021,1491.0,Census_ACS5
91748,2021,1704.0,Census_ACS5
91750,2021,1771.0,Census_ACS5
91754,2021,1587.0,Census_ACS5
91755,2021,1667.0,Census_ACS5
91759,2021,1383.0,Census_ACS5
91765,2021,2193.0,Census_ACS5
91766,2021,1507.0,Census_ACS5
91767,2021,1498.0,Census_ACS5
91768,2021,1411.0,Census_ACS5
91770,2021,1565.0,Census_ACS5
91773,2021,2012.0,Census_ACS5
91775,2021,1789.0,Census_ACS5
91776,2021,1627.0,Census_ACS5
91780,2021,1771.0,Census_ACS5
91789,2021,2548.0,Census_ACS5
91790,2021,1982.0,Census_ACS5
91791,2021,1697.0,Census_ACS5
91792,2021,1918.0,Census_ACS5
91801,2021,1671.0,Census_ACS5
91803,2021,1567.0,Census_ACS5
92397,2021,1353.0,Census_ACS5
93243,2021,642.0,Census_ACS5
93510,2021,1402.0,Census_ACS5
93532,2021,1552.0,Census_ACS5
93534,2021,1272.0,Census_ACS5
93535,2021,1348.0,Census_ACS5
93536,2021,1530.0,Census_ACS5
93543,2021,1406.0,Census_ACS5
93544,2021,-666666666.0,Census_ACS5
93550,2021,1308.0,Census_ACS5
93551,2021,1865.0,Census_ACS5
93552,2021,1662.0,Census_ACS5
93553,2021,1449.0,Census_ACS5
93563,2021,-666666666.0,Census_ACS5
93591,2021,1268.0,Census_ACS5
90001,2022,1377.0,Census_ACS5
90002,2022,1434.0,Census_ACS5
90003,2022,1407.0,Census_ACS5
90004,2022,1680.0,Census_ACS5
90005,2022,1572.0,Census_ACS5
90006,2022,1346.0,Census_ACS5
90007,2022,1396.0,Census_ACS5
90008,2022,1468.0,Census_ACS5
90010,2022,2349.0,Census_ACS5
90011,2022,1425.0,Census_ACS5
90012,2022,2044.0,Census_ACS5
90013,2022,1092.0,Census_ACS5
90014,2022,1424.0,Census_ACS5
90015,2022,2287.0,Census_ACS5
90016,2022,1595.0,Census_ACS5
90017,2022,1493.0,Census_ACS5
90018,2022,1486.0,Census_ACS5
90019,2022,1708.0,Census_ACS5
90020,2022,1652.0,Census_ACS5
90021,2022,961.0,Census_ACS5
90022,2022,1322.0,Census_ACS5
90023,2022,1376.0,Census_ACS5
90024,2022,2618.0,Census_ACS5
90025,2022,2418.0,Census_ACS5
90026,2022,1702.0,Census_ACS5
90027,2022,1840.0,Census_ACS5
90028,2022,1722.0,Census_ACS5
90029,2022,1541.0,Census_ACS5
90031,2022,1416.0,Census_ACS5
90032,2022,1448.0,Census_ACS5
90033,2022,1311.0,Census_ACS5
90034,2022,2124.0,Census_ACS5
90035,2022,2374.0,Census_ACS5
90036,2022,2622.0,Census_ACS5
90037,2022,1374.0,Census_ACS5
90038,2022,1697.0,Census_ACS5
90039,2022,1996.0,Census_ACS5
90040,2022,1337.0,Census_ACS5
90041,2022,1747.0,Census_ACS5
90042,2022,1756.0,Census_ACS5
90043,2022,1389.0,Census_ACS5
90044,2022,1397.0,Census_ACS5
90045,2022,2790.0,Census_ACS5
90046,2022,2071.0,Census_ACS5
90047,2022,1471.0,Census_ACS5
90048,2022,2284.0,Census_ACS5
90049,2022,2827.0,Census_ACS5
90056,2022,2245.0,Census_ACS5
90057,2022,1369.0,Census_ACS5
90058,2022,941.0,Census_ACS5
90059,2022,1248.0,Census_ACS5
90061,2022,1393.0,Census_ACS5
90062,2022,1451.0,Census_ACS5
90063,2022,1404.0,Census_ACS5
90064,2022,2554.0,Census_ACS5
90065,2022,1709.0,Census_ACS5
90066,2022,2082.0,Census_ACS5
90067,2022,3501.0,Census_ACS5
90068,2022,2107.0,Census_ACS5
90069,2022,2183.0,Census_ACS5
90071,2022,-666666666.0,Census_ACS5
90073,2022,-666666666.0,Census_ACS5
90077,2022,2803.0,Census_ACS5
90094,2022,3501.0,Census_ACS5
90095,2022,-666666666.0,Census_ACS5
90201,2022,1512.0,Census_ACS5
90210,2022,3034.0,Census_ACS5
90211,2022,2494.0,Census_ACS5
90212,2022,2664.0,Census_ACS5
90220,2022,1410.0,Census_ACS5
90221,2022,1488.0,Census_ACS5
90222,2022,1405.0,Census_ACS5
90230,2022,2300.0,Census_ACS5
90232,2022,2465.0,Census_ACS5
90240,2022,1913.0,Census_ACS5
90241,2022,1775.0,Census_ACS5
90242,2022,1824.0,Census_ACS5
90245,2022,2476.0,Census_ACS5
90247,2022,1644.0,Census_ACS5
90248,2022,1640.0,Census_ACS5
90249,2022,1523.0,Census_ACS5
90250,2022,1643.0,Census_ACS5
90254,2022,2659.0,Census_ACS5
90255,2022,1354.0,Census_ACS5
90260,2022,1794.0,Census_ACS5
90262,2022,1488.0,Census_ACS5
90263,2022,-666666666.0,Census_ACS5
90265,2022,3136.0,Census_ACS5
90266,2022,3366.0,Census_ACS5
90270,2022,1392.0,Census_ACS5
90272,2022,3109.0,Census_ACS5
90274,2022,3227.0,Census_ACS5
90275,2022,3290.0,Census_ACS5
90277,2022,2463.0,Census_ACS5
90278,2022,2406.0,Census_ACS5
90280,2022,1401.0,Census_ACS5
90290,2022,3501.0,Census_ACS5
90291,2022,2439.0,Census_ACS5
90292,2022,3437.0,Census_ACS5
90293,2022,2628.0,Census_ACS5
90301,2022,1616.0,Census_ACS5
90302,2022,1719.0,Census_ACS5
90303,2022,1648.0,Census_ACS5
90304,2022,1388.0,Census_ACS5
90305,2022,1820.0,Census_ACS5
90401,2022,2377.0,Census_ACS5
90402,2022,2162.0,Census_ACS5
90403,2022,2362.0,Census_ACS5
90404,2022,2072.0,Census_ACS5
90405,2022,2148.0,Census_ACS5
90501,2022,1771.0,Census_ACS5
90502,2022,1869.0,Census_ACS5
90503,2022,2210.0,Census_ACS5
90504,2022,2110.0,Census_ACS5
90505,2022,2215.0,Census_ACS5
90601,2022,1745.0,Census_ACS5
90602,2022,1624.0,Census_ACS5
90603,2022,2228.0,Census_ACS5
90604,2022,1755.0,Census_ACS5
90605,2022,1752.0,Census_ACS5
90606,2022,1779.0,Census_ACS5
90631,2022,1872.0,Census_ACS5
90638,2022,1940.0,Census_ACS5
90640,2022,1701.0,Census_ACS5
90650,2022,1860.0,Census_ACS5
90660,2022,1702.0,Census_ACS5
90670,2022,1789.0,Census_ACS5
90701,2022,2128.0,Census_ACS5
90703,2022,2735.0,Census_ACS5
90704,2022,1793.0,Census_ACS5
90706,2022,1686.0,Census_ACS5
90710,2022,1441.0,Census_ACS5
90712,2022,2334.0,Census_ACS5
90713,2022,2469.0,Census_ACS5
90715,2022,2069.0,Census_ACS5
90716,2022,1694.0,Census_ACS5
90717,2022,1740.0,Census_ACS5
90723,2022,1699.0,Census_ACS5
90731,2022,1606.0,Census_ACS5
90732,2022,2409.0,Census_ACS5
90744,2022,1365.0,Census_ACS5
90745,2022,1756.0,Census_ACS5
90746,2022,2660.0,Census_ACS5
90755,2022,1842.0,Census_ACS5
90802,2022,1755.0,Census_ACS5
90803,2022,1949.0,Census_ACS5
90804,2022,1710.0,Census_ACS5
90805,2022,1545.0,Census_ACS5
90806,2022,1489.0,Census_ACS5
90807,2022,1819.0,Census_ACS5
90808,2022,2204.0,Census_ACS5
90810,2022,1442.0,Census_ACS5
90813,2022,1464.0,Census_ACS5
90814,2022,1867.0,Census_ACS5
90815,2022,2151.0,Census_ACS5
90822,2022,-666666666.0,Census_ACS5
90831,2022,-666666666.0,Census_ACS5
91001,2022,2160.0,Census_ACS5
91006,2022,2050.0,Census_ACS5
91007,2022,2021.0,Census_ACS5
91010,2022,1939.0,Census_ACS5
91011,2022,3501.0,Census_ACS5
91016,2022,1949.0,Census_ACS5
91020,2022,2056.0,Census_ACS5
91024,2022,1994.0,Census_ACS5
91030,2022,2135.0,Census_ACS5
91040,2022,1716.0,Census_ACS5
91042,2022,1715.0,Census_ACS5
91046,2022,-666666666.0,Census_ACS5
91101,2022,2161.0,Census_ACS5
91103,2022,1770.0,Census_ACS5
91104,2022,1892.0,Census_ACS5
91105,2022,2999.0,Census_ACS5
91106,2022,2073.0,Census_ACS5
91107,2022,2221.0,Census_ACS5
91108,2022,3501.0,Census_ACS5
91201,2022,1937.0,Census_ACS5
91202,2022,2187.0,Census_ACS5
91203,2022,2209.0,Census_ACS5
91204,2022,1844.0,Census_ACS5
91205,2022,1815.0,Census_ACS5
91206,2022,2052.0,Census_ACS5
91207,2022,2165.0,Census_ACS5
91208,2022,2250.0,Census_ACS5
91214,2022,2298.0,Census_ACS5
91301,2022,3125.0,Census_ACS5
91302,2022,2859.0,Census_ACS5
91303,2022,1879.0,Census_ACS5
91304,2022,1847.0,Census_ACS5
91306,2022,1765.0,Census_ACS5
91307,2022,3501.0,Census_ACS5
91311,2022,2154.0,Census_ACS5
91316,2022,1961.0,Census_ACS5
91321,2022,1972.0,Census_ACS5
91324,2022,2174.0,Census_ACS5
91325,2022,1829.0,Census_ACS5
91326,2022,2606.0,Census_ACS5
91331,2022,1694.0,Census_ACS5
91335,2022,1763.0,Census_ACS5
91340,2022,1697.0,Census_ACS5
91342,2022,1862.0,Census_ACS5
91343,2022,1717.0,Census_ACS5
91344,2022,2101.0,Census_ACS5
91345,2022,1882.0,Census_ACS5
91350,2022,2339.0,Census_ACS5
91351,2022,2171.0,Census_ACS5
91352,2022,1720.0,Census_ACS5
91354,2022,2789.0,Census_ACS5
91355,2022,2469.0,Census_ACS5
91356,2022,1926.0,Census_ACS5
91361,2022,2622.0,Census_ACS5
91362,2022,2641.0,Census_ACS5
91364,2022,2794.0,Census_ACS5
91367,2022,2591.0,Census_ACS5
91381,2022,2457.0,Census_ACS5
91384,2022,1788.0,Census_ACS5
91387,2022,2351.0,Census_ACS5
91390,2022,2230.0,Census_ACS5
91401,2022,1731.0,Census_ACS5
91402,2022,1525.0,Census_ACS5
91403,2022,2305.0,Census_ACS5
91405,2022,1649.0,Census_ACS5
91406,2022,1764.0,Census_ACS5
91411,2022,1804.0,Census_ACS5
91423,2022,2154.0,Census_ACS5
91436,2022,3258.0,Census_ACS5
91501,2022,1985.0,Census_ACS5
91502,2022,1817.0,Census_ACS5
91504,2022,2072.0,Census_ACS5
91505,2022,2229.0,Census_ACS5
91506,2022,1856.0,Census_ACS5
91601,2022,1967.0,Census_ACS5
91602,2022,2084.0,Census_ACS5
91604,2022,2365.0,Census_ACS5
91605,2022,1661.0,Census_ACS5
91606,2022,1673.0,Census_ACS5
91607,2022,1927.0,Census_ACS5
91608,2022,1811.0,Census_ACS5
91702,2022,1798.0,Census_ACS5
91706,2022,1755.0,Census_ACS5
91711,2022,1983.0,Census_ACS5
91722,2022,1898.0,Census_ACS5
91723,2022,1650.0,Census_ACS5
91724,2022,2026.0,Census_ACS5
91731,2022,1508.0,Census_ACS5
91732,2022,1672.0,Census_ACS5
91733,2022,1600.0,Census_ACS5
91740,2022,2092.0,Census_ACS5
91741,2022,2073.0,Census_ACS5
91744,2022,1807.0,Census_ACS5
91745,2022,2084.0,Census_ACS5
91746,2022,1680.0,Census_ACS5
91748,2022,1861.0,Census_ACS5
91750,2022,2006.0,Census_ACS5
91754,2022,1784.0,Census_ACS5
91755,2022,1802.0,Census_ACS5
91759,2022,1359.0,Census_ACS5
91765,2022,2310.0,Census_ACS5
91766,2022,1654.0,Census_ACS5
91767,2022,1651.0,Census_ACS5
91768,2022,1546.0,Census_ACS5
91770,2022,1674.0,Census_ACS5
91773,2022,2202.0,Census_ACS5
91775,2022,1922.0,Census_ACS5
91776,2022,1742.0,Census_ACS5
91780,2022,1984.0,Census_ACS5
91789,2022,2690.0,Census_ACS5
91790,2022,2113.0,Census_ACS5
91791,2022,1806.0,Census_ACS5
91792,2022,2136.0,Census_ACS5
91801,2022,1810.0,Census_ACS5
91803,2022,1735.0,Census_ACS5
92397,2022,1512.0,Census_ACS5
93243,2022,2147.0,Census_ACS5
93510,2022,1714.0,Census_ACS5
93532,2022,1500.0,Census_ACS5
93534,2022,1421.0,Census_ACS5
93535,2022,1473.0,Census_ACS5
93536,2022,1813.0,Census_ACS5
93543,2022,1623.0,Census_ACS5
93544,2022,-666666666.0,Census_ACS5
93550,2022,1457.0,Census_ACS5
93551,2022,2101.0,Census_ACS5
93552,2022,1797.0,Census_ACS5
93553,2022,-666666666.0,Census_ACS5
93563,2022,-666666666.0,Census_ACS5
93591,2022,1359.0,Census_ACS5
