DeathZip,Year,Deaths
90001,2012,4
90001,2013,9
90001,2014,1
90001,2015,1
90001,2016,1
90001,2017,6
90001,2018,5
90001,2019,7
90001,2020,15
90001,2021,23
90001,2022,28
90001,2023,11
90002,2012,1
90002,2013,3
90002,2014,3
90002,2015,1
90002,2016,2
90002,2017,4
90002,2018,3
90002,2019,4
90002,2020,11
90002,2021,8
90002,2022,11
90002,2023,4
90003,2012,3
90003,2013,1
90003,2014,5
90003,2015,7
90003,2016,10
90003,2017,11
90003,2018,16
90003,2019,12
90003,2020,24
90003,2021,23
90003,2022,35
90003,2023,24
90004,2012,2
90004,2013,2
90004,2014,2
90004,2015,7
90004,2016,3
90004,2017,6
90004,2018,7
90004,2019,10
90004,2020,25
90004,2021,23
90004,2022,23
90004,2023,12
90005,2012,1
90005,2013,2
90005,2014,3
90005,2015,1
90005,2016,1
90005,2017,3
90005,2018,7
90005,2019,9
90005,2020,9
90005,2021,9
90005,2022,18
90005,2023,11
90006,2012,2
90006,2013,4
90006,2014,2
90006,2015,11
90006,2016,3
90006,2017,7
90006,2018,4
90006,2019,7
90006,2020,14
90006,2021,16
90006,2022,28
90006,2023,16
90007,2012,2
90007,2013,2
90007,2015,3
90007,2016,1
90007,2017,3
90007,2018,2
90007,2019,7
90007,2020,4
90007,2021,7
90007,2022,9
90007,2023,10
90008,2012,4
90008,2013,1
90008,2015,4
90008,2016,4
90008,2017,4
90008,2018,2
90008,2019,4
90008,2020,5
90008,2021,6
90008,2022,8
90008,2023,2
90010,2017,1
90010,2018,4
90010,2019,1
90010,2020,4
90010,2021,6
90010,2022,5
90010,2023,5
90011,2012,6
90011,2013,9
90011,2014,3
90011,2015,8
90011,2016,11
90011,2017,11
90011,2018,18
90011,2019,11
90011,2020,30
90011,2021,18
90011,2022,44
90011,2023,19
90012,2012,2
90012,2013,7
90012,2014,5
90012,2015,7
90012,2016,6
90012,2017,4
90012,2018,13
90012,2019,16
90012,2020,37
90012,2021,49
90012,2022,49
90012,2023,26
90013,2012,7
90013,2013,6
90013,2014,7
90013,2015,8
90013,2016,8
90013,2017,9
90013,2018,19
90013,2019,20
90013,2020,49
90013,2021,77
90013,2022,74
90013,2023,50
90014,2012,10
90014,2013,6
90014,2014,9
90014,2015,10
90014,2016,9
90014,2017,11
90014,2018,19
90014,2019,27
90014,2020,26
90014,2021,60
90014,2022,67
90014,2023,49
90015,2012,4
90015,2013,7
90015,2014,5
90015,2015,4
90015,2016,15
90015,2017,16
90015,2018,12
90015,2019,17
90015,2020,24
90015,2021,31
90015,2022,54
90015,2023,24
90016,2012,6
90016,2014,4
90016,2015,5
90016,2016,3
90016,2017,7
90016,2018,3
90016,2019,6
90016,2020,7
90016,2021,13
90016,2022,20
90016,2023,8
90017,2012,4
90017,2013,9
90017,2014,10
90017,2015,8
90017,2016,13
90017,2017,13
90017,2018,15
90017,2019,21
90017,2020,47
90017,2021,64
90017,2022,61
90017,2023,61
90018,2012,3
90018,2013,2
90018,2014,1
90018,2015,2
90018,2016,5
90018,2017,4
90018,2018,4
90018,2019,5
90018,2020,8
90018,2021,11
90018,2022,7
90018,2023,10
90019,2012,3
90019,2013,5
90019,2014,1
90019,2015,6
90019,2016,7
90019,2017,7
90019,2018,11
90019,2019,6
90019,2020,16
90019,2021,13
90019,2022,17
90019,2023,16
90020,2013,2
90020,2014,1
90020,2015,2
90020,2016,2
90020,2018,5
90020,2019,6
90020,2020,11
90020,2021,10
90020,2022,13
90020,2023,9
90021,2012,1
90021,2013,1
90021,2014,2
90021,2015,2
90021,2016,3
90021,2017,3
90021,2018,5
90021,2019,6
90021,2020,15
90021,2021,26
90021,2022,36
90021,2023,26
90022,2012,3
90022,2014,1
90022,2015,7
90022,2016,3
90022,2017,3
90022,2018,8
90022,2019,9
90022,2020,8
90022,2021,7
90022,2022,14
90022,2023,7
90023,2012,5
90023,2013,3
90023,2014,4
90023,2015,6
90023,2016,6
90023,2017,5
90023,2018,4
90023,2019,8
90023,2020,12
90023,2021,9
90023,2022,23
90023,2023,23
90024,2014,1
90024,2015,2
90024,2016,1
90024,2017,3
90024,2018,2
90024,2019,2
90024,2020,7
90024,2021,8
90024,2022,4
90024,2023,4
90025,2014,2
90025,2015,3
90025,2016,1
90025,2017,5
90025,2018,5
90025,2019,6
90025,2020,9
90025,2021,15
90025,2022,13
90025,2023,7
90026,2012,1
90026,2014,2
90026,2015,14
90026,2016,4
90026,2017,6
90026,2018,10
90026,2019,16
90026,2020,27
90026,2021,27
90026,2022,20
90026,2023,21
90027,2012,10
90027,2013,11
90027,2014,5
90027,2015,8
90027,2016,9
90027,2017,7
90027,2018,12
90027,2019,23
90027,2020,26
90027,2021,30
90027,2022,33
90027,2023,27
90028,2012,8
90028,2013,3
90028,2014,10
90028,2015,8
90028,2016,10
90028,2017,17
90028,2018,13
90028,2019,25
90028,2020,30
90028,2021,46
90028,2022,41
90028,2023,24
90029,2012,2
90029,2013,3
90029,2014,2
90029,2015,6
90029,2016,3
90029,2017,4
90029,2019,6
90029,2020,12
90029,2021,10
90029,2022,18
90029,2023,13
90030,2019,1
90031,2013,5
90031,2014,6
90031,2015,4
90031,2016,1
90031,2017,3
90031,2018,7
90031,2019,6
90031,2020,7
90031,2021,9
90031,2022,9
90031,2023,11
90032,2012,2
90032,2013,3
90032,2014,3
90032,2015,4
90032,2016,9
90032,2017,3
90032,2018,1
90032,2019,5
90032,2020,5
90032,2021,7
90032,2022,16
90032,2023,8
90033,2012,15
90033,2013,17
90033,2014,16
90033,2015,19
90033,2016,17
90033,2017,22
90033,2018,34
90033,2019,32
90033,2020,57
90033,2021,60
90033,2022,62
90033,2023,61
90034,2012,3
90034,2013,3
90034,2014,6
90034,2015,9
90034,2016,4
90034,2017,8
90034,2018,8
90034,2019,12
90034,2020,20
90034,2021,14
90034,2022,14
90034,2023,8
90035,2013,2
90035,2014,2
90035,2015,3
90035,2016,3
90035,2018,4
90035,2019,6
90035,2020,6
90035,2021,2
90035,2022,3
90035,2023,5
90036,2012,1
90036,2013,5
90036,2014,1
90036,2015,3
90036,2016,5
90036,2018,10
90036,2019,12
90036,2020,11
90036,2021,10
90036,2022,8
90036,2023,3
90037,2013,8
90037,2014,7
90037,2015,3
90037,2016,3
90037,2017,5
90037,2018,5
90037,2019,15
90037,2020,17
90037,2021,21
90037,2022,25
90037,2023,23
90038,2012,2
90038,2013,1
90038,2014,3
90038,2015,5
90038,2016,7
90038,2017,4
90038,2018,4
90038,2019,4
90038,2020,11
90038,2021,14
90038,2022,7
90038,2023,5
90039,2015,1
90039,2016,3
90039,2017,3
90039,2018,3
90039,2019,6
90039,2020,5
90039,2021,8
90039,2022,9
90039,2023,3
90040,2013,1
90040,2016,1
90040,2017,1
90040,2018,3
90040,2019,1
90040,2020,1
90040,2021,3
90040,2022,7
90040,2023,3
90041,2012,1
90041,2013,1
90041,2014,2
90041,2015,3
90041,2017,3
90041,2018,2
90041,2019,1
90041,2020,3
90041,2021,10
90041,2022,5
90041,2023,5
90042,2012,1
90042,2013,2
90042,2014,3
90042,2015,6
90042,2016,6
90042,2017,1
90042,2018,6
90042,2019,6
90042,2020,7
90042,2021,11
90042,2022,10
90042,2023,6
90043,2012,5
90043,2013,2
90043,2014,3
90043,2015,4
90043,2016,2
90043,2017,4
90043,2018,4
90043,2019,11
90043,2020,9
90043,2021,16
90043,2022,12
90043,2023,11
90044,2012,2
90044,2013,1
90044,2014,3
90044,2015,4
90044,2016,5
90044,2017,9
90044,2018,12
90044,2019,16
90044,2020,16
90044,2021,36
90044,2022,25
90044,2023,19
90045,2012,1
90045,2013,3
90045,2014,3
90045,2015,4
90045,2016,3
90045,2017,3
90045,2018,3
90045,2019,5
90045,2020,17
90045,2021,15
90045,2022,11
90045,2023,5
90046,2012,4
90046,2013,1
90046,2014,3
90046,2015,8
90046,2016,5
90046,2017,8
90046,2018,10
90046,2019,19
90046,2020,16
90046,2021,23
90046,2022,20
90046,2023,10
90047,2013,6
90047,2014,1
90047,2015,1
90047,2016,2
90047,2017,3
90047,2018,2
90047,2019,4
90047,2020,11
90047,2021,15
90047,2022,14
90047,2023,10
90048,2012,3
90048,2013,4
90048,2014,8
90048,2015,9
90048,2016,10
90048,2017,11
90048,2018,5
90048,2019,10
90048,2020,19
90048,2021,24
90048,2022,27
90048,2023,17
90049,2012,1
90049,2013,1
90049,2014,1
90049,2015,1
90049,2016,4
90049,2017,1
90049,2019,2
90049,2020,4
90049,2021,3
90049,2022,6
90049,2023,4
90050,2016,1
90053,2012,1
90055,2019,2
90055,2020,1
90056,2018,1
90056,2019,2
90056,2020,3
90056,2021,1
90056,2022,2
90056,2023,1
90057,2012,2
90057,2013,5
90057,2014,6
90057,2015,11
90057,2016,5
90057,2017,13
90057,2018,10
90057,2019,18
90057,2020,27
90057,2021,45
90057,2022,88
90057,2023,59
90058,2014,1
90058,2015,1
90058,2017,1
90058,2019,2
90058,2021,1
90058,2022,6
90058,2023,2
90059,2012,3
90059,2014,3
90059,2015,5
90059,2016,10
90059,2017,6
90059,2018,7
90059,2019,4
90059,2020,20
90059,2021,20
90059,2022,17
90059,2023,14
90061,2013,2
90061,2014,2
90061,2015,2
90061,2016,2
90061,2017,4
90061,2018,10
90061,2019,2
90061,2020,14
90061,2021,6
90061,2022,16
90061,2023,11
90062,2012,3
90062,2013,2
90062,2014,2
90062,2015,3
90062,2016,3
90062,2017,4
90062,2018,3
90062,2019,1
90062,2020,3
90062,2021,16
90062,2022,12
90062,2023,9
90063,2013,2
90063,2014,3
90063,2015,3
90063,2016,1
90063,2017,4
90063,2019,4
90063,2020,6
90063,2021,10
90063,2022,8
90063,2023,5
90064,2012,2
90064,2014,3
90064,2015,1
90064,2016,1
90064,2017,4
90064,2019,7
90064,2020,6
90064,2021,12
90064,2022,15
90064,2023,9
90065,2012,2
90065,2013,2
90065,2016,4
90065,2017,5
90065,2018,4
90065,2019,2
90065,2020,13
90065,2021,6
90065,2022,9
90065,2023,11
90066,2012,3
90066,2013,2
90066,2014,2
90066,2015,5
90066,2016,7
90066,2017,5
90066,2018,5
90066,2019,6
90066,2020,16
90066,2021,8
90066,2022,16
90066,2023,7
90067,2017,1
90067,2018,1
90068,2012,1
90068,2013,4
90068,2014,5
90068,2015,2
90068,2016,3
90068,2017,2
90068,2018,3
90068,2019,5
90068,2020,7
90068,2021,7
90068,2022,8
90068,2023,5
90069,2012,1
90069,2013,4
90069,2014,4
90069,2015,2
90069,2016,3
90069,2017,5
90069,2018,5
90069,2019,12
90069,2020,8
90069,2021,8
90069,2022,7
90069,2023,3
90070,2020,1
90071,2018,1
90071,2019,1
90071,2020,4
90071,2021,8
90071,2022,4
90071,2023,1
90073,2016,1
90073,2017,1
90073,2018,1
90073,2019,1
90073,2020,1
90073,2022,2
90077,2012,1
90077,2019,1
90077,2021,1
90094,2016,1
90094,2021,2
90094,2022,1
90095,2012,1
90095,2013,2
90095,2014,3
90095,2015,1
90095,2016,4
90095,2017,4
90095,2018,3
90095,2019,7
90095,2020,8
90095,2021,6
90095,2022,10
90095,2023,7
90103,2017,1
90201,2012,2
90201,2013,1
90201,2014,1
90201,2016,2
90201,2017,3
90201,2018,3
90201,2019,5
90201,2020,15
90201,2021,18
90201,2022,10
90201,2023,4
90210,2012,1
90210,2013,2
90210,2016,2
90210,2017,3
90210,2018,1
90210,2019,7
90210,2020,5
90210,2021,4
90210,2022,2
90211,2012,1
90211,2015,1
90211,2020,1
90211,2022,3
90211,2023,2
90212,2017,1
90212,2018,2
90212,2019,1
90212,2020,1
90212,2022,4
90212,2023,1
90220,2012,4
90220,2013,6
90220,2015,3
90220,2016,3
90220,2017,1
90220,2018,3
90220,2019,3
90220,2020,10
90220,2021,10
90220,2022,9
90220,2023,10
90221,2013,2
90221,2014,1
90221,2015,3
90221,2016,2
90221,2017,1
90221,2018,5
90221,2019,7
90221,2020,14
90221,2021,15
90221,2022,14
90221,2023,15
90222,2015,1
90222,2016,2
90222,2018,1
90222,2019,3
90222,2020,4
90222,2021,9
90222,2022,6
90222,2023,5
90230,2012,1
90230,2013,4
90230,2014,3
90230,2015,2
90230,2016,2
90230,2017,1
90230,2019,3
90230,2020,5
90230,2021,5
90230,2022,12
90230,2023,7
90231,2014,1
90231,2017,1
90232,2012,5
90232,2013,1
90232,2014,3
90232,2015,2
90232,2016,2
90232,2017,2
90232,2018,3
90232,2019,1
90232,2020,7
90232,2021,10
90232,2022,5
90232,2023,4
90233,2023,1
90240,2015,2
90240,2019,3
90240,2020,3
90240,2021,2
90240,2022,4
90240,2023,2
90241,2012,2
90241,2013,2
90241,2014,5
90241,2015,3
90241,2016,3
90241,2017,7
90241,2018,6
90241,2019,5
90241,2020,6
90241,2021,6
90241,2022,10
90241,2023,4
90242,2012,1
90242,2013,3
90242,2014,3
90242,2015,2
90242,2016,2
90242,2017,5
90242,2018,3
90242,2019,2
90242,2020,12
90242,2021,4
90242,2022,13
90242,2023,9
90245,2012,2
90245,2014,1
90245,2015,2
90245,2016,1
90245,2018,1
90245,2019,5
90245,2020,1
90245,2021,2
90247,2012,5
90247,2013,5
90247,2014,3
90247,2015,5
90247,2016,4
90247,2017,5
90247,2018,7
90247,2019,6
90247,2020,18
90247,2021,17
90247,2022,21
90247,2023,16
90248,2013,1
90248,2015,4
90248,2016,2
90248,2017,2
90248,2018,2
90248,2019,1
90248,2020,6
90248,2021,7
90248,2022,6
90248,2023,5
90249,2012,1
90249,2013,1
90249,2015,4
90249,2017,1
90249,2018,1
90249,2019,6
90249,2020,5
90249,2021,3
90249,2022,4
90249,2023,4
90250,2012,1
90250,2013,5
90250,2014,8
90250,2015,6
90250,2016,3
90250,2017,3
90250,2018,8
90250,2019,5
90250,2020,20
90250,2021,22
90250,2022,19
90250,2023,6
90254,2012,2
90254,2013,5
90254,2014,1
90254,2015,1
90254,2016,4
90254,2017,1
90254,2018,3
90254,2019,2
90254,2020,5
90254,2021,4
90254,2022,3
90254,2023,3
90255,2012,2
90255,2013,2
90255,2014,7
90255,2015,2
90255,2016,8
90255,2017,6
90255,2018,7
90255,2019,11
90255,2020,18
90255,2021,19
90255,2022,17
90255,2023,14
90260,2012,1
90260,2014,1
90260,2015,1
90260,2016,4
90260,2017,6
90260,2018,4
90260,2019,3
90260,2020,7
90260,2021,7
90260,2022,8
90260,2023,10
90261,2021,1
90262,2012,4
90262,2013,4
90262,2014,6
90262,2015,9
90262,2016,13
90262,2017,9
90262,2018,15
90262,2019,20
90262,2020,22
90262,2021,25
90262,2022,19
90262,2023,15
90263,2022,1
90265,2012,1
90265,2013,1
90265,2014,1
90265,2015,1
90265,2016,2
90265,2017,3
90265,2018,2
90265,2019,1
90265,2020,1
90265,2021,1
90265,2022,8
90265,2023,3
90266,2013,1
90266,2014,1
90266,2015,1
90266,2016,1
90266,2017,1
90266,2018,2
90266,2019,2
90266,2020,5
90266,2022,1
90266,2023,2
90270,2013,2
90270,2014,1
90270,2015,1
90270,2017,1
90270,2018,3
90270,2020,2
90270,2021,4
90270,2022,4
90270,2023,3
90272,2013,1
90272,2014,2
90272,2015,1
90272,2016,3
90272,2017,1
90272,2018,1
90272,2019,2
90272,2020,2
90272,2021,2
90272,2022,2
90272,2023,2
90274,2013,2
90274,2014,1
90274,2015,1
90274,2017,3
90274,2018,1
90274,2019,1
90274,2020,5
90274,2022,2
90274,2023,2
90275,2013,2
90275,2015,2
90275,2016,2
90275,2018,2
90275,2020,1
90275,2021,2
90275,2022,1
90275,2023,1
90277,2012,1
90277,2013,2
90277,2015,2
90277,2016,4
90277,2017,3
90277,2018,4
90277,2019,6
90277,2020,8
90277,2021,7
90277,2022,6
90277,2023,7
90278,2013,2
90278,2015,2
90278,2016,1
90278,2017,6
90278,2018,2
90278,2019,6
90278,2020,3
90278,2021,4
90278,2022,6
90278,2023,1
90280,2012,1
90280,2013,3
90280,2014,1
90280,2015,7
90280,2017,4
90280,2018,3
90280,2019,7
90280,2020,12
90280,2021,13
90280,2022,13
90280,2023,8
90290,2013,1
90290,2016,1
90290,2021,1
90290,2022,1
90291,2012,4
90291,2013,5
90291,2014,1
90291,2015,3
90291,2016,8
90291,2017,5
90291,2018,5
90291,2019,2
90291,2020,14
90291,2021,17
90291,2022,18
90291,2023,13
90292,2012,3
90292,2013,6
90292,2014,3
90292,2015,7
90292,2016,5
90292,2017,5
90292,2018,5
90292,2019,5
90292,2020,14
90292,2021,10
90292,2022,10
90292,2023,10
90293,2016,4
90293,2017,1
90293,2020,2
90293,2021,1
90293,2022,1
90293,2023,2
90301,2012,4
90301,2013,12
90301,2014,14
90301,2015,9
90301,2016,6
90301,2017,11
90301,2018,17
90301,2019,13
90301,2020,16
90301,2021,23
90301,2022,14
90301,2023,21
90302,2012,1
90302,2014,1
90302,2016,1
90302,2017,1
90302,2018,4
90302,2019,5
90302,2020,7
90302,2021,2
90302,2022,6
90302,2023,1
90303,2013,1
90303,2014,1
90303,2016,2
90303,2018,4
90303,2019,4
90303,2020,5
90303,2021,2
90303,2022,5
90304,2013,3
90304,2014,4
90304,2015,1
90304,2016,1
90304,2017,3
90304,2018,2
90304,2019,7
90304,2020,5
90304,2021,3
90304,2022,9
90304,2023,6
90305,2013,1
90305,2015,1
90305,2016,1
90305,2018,1
90305,2019,1
90305,2022,1
90306,2012,1
90306,2017,1
90401,2014,7
90401,2015,3
90401,2016,3
90401,2017,4
90401,2018,8
90401,2019,5
90401,2020,6
90401,2021,13
90401,2022,14
90401,2023,18
90402,2014,1
90402,2015,2
90402,2019,4
90402,2020,1
90402,2021,1
90402,2022,1
90402,2023,2
90403,2012,2
90403,2013,2
90403,2014,2
90403,2015,5
90403,2016,1
90403,2017,2
90403,2018,5
90403,2019,5
90403,2020,5
90403,2021,8
90403,2022,7
90403,2023,4
90404,2012,3
90404,2013,8
90404,2014,2
90404,2015,9
90404,2016,4
90404,2017,4
90404,2018,10
90404,2019,4
90404,2020,10
90404,2021,16
90404,2022,11
90404,2023,19
90405,2012,5
90405,2013,2
90405,2014,2
90405,2015,3
90405,2017,4
90405,2018,1
90405,2019,4
90405,2020,11
90405,2021,9
90405,2022,11
90405,2023,7
90406,2022,1
90501,2012,1
90501,2014,3
90501,2016,4
90501,2017,2
90501,2018,2
90501,2019,2
90501,2020,5
90501,2021,11
90501,2022,6
90501,2023,5
90502,2012,2
90502,2013,4
90502,2014,4
90502,2015,2
90502,2016,5
90502,2017,1
90502,2018,4
90502,2019,7
90502,2020,10
90502,2021,14
90502,2022,20
90502,2023,10
90503,2012,4
90503,2013,2
90503,2014,2
90503,2015,7
90503,2016,4
90503,2017,9
90503,2018,9
90503,2019,6
90503,2020,20
90503,2021,14
90503,2022,16
90503,2023,16
90504,2012,2
90504,2014,1
90504,2015,2
90504,2016,1
90504,2017,3
90504,2020,2
90504,2021,2
90504,2022,5
90504,2023,7
90505,2012,2
90505,2013,7
90505,2014,2
90505,2015,3
90505,2016,3
90505,2017,2
90505,2018,7
90505,2019,6
90505,2020,4
90505,2021,8
90505,2022,7
90505,2023,1
90509,2012,1
90509,2013,3
90509,2015,3
90509,2016,1
90509,2017,6
90509,2018,3
90509,2019,7
90509,2020,2
90509,2023,2
90601,2013,3
90601,2014,3
90601,2016,1
90601,2017,1
90601,2018,4
90601,2019,3
90601,2020,8
90601,2021,5
90601,2022,3
90601,2023,1
90602,2012,1
90602,2013,3
90602,2014,2
90602,2016,4
90602,2017,1
90602,2018,9
90602,2019,5
90602,2020,13
90602,2021,12
90602,2022,12
90602,2023,10
90603,2012,1
90603,2014,3
90603,2015,2
90603,2016,1
90603,2017,3
90603,2020,2
90603,2021,3
90603,2022,4
90604,2012,1
90604,2013,1
90604,2014,1
90604,2015,2
90604,2016,2
90604,2017,2
90604,2018,1
90604,2019,1
90604,2020,5
90604,2021,2
90604,2022,7
90604,2023,7
90605,2013,4
90605,2014,4
90605,2015,6
90605,2016,3
90605,2017,5
90605,2018,7
90605,2019,6
90605,2020,6
90605,2021,6
90605,2022,8
90605,2023,5
90606,2012,1
90606,2013,2
90606,2015,1
90606,2016,3
90606,2017,1
90606,2018,3
90606,2019,1
90606,2020,11
90606,2021,4
90606,2022,4
90606,2023,4
90607,2016,1
90631,2022,2
90631,2023,1
90638,2012,2
90638,2013,1
90638,2014,1
90638,2015,3
90638,2016,1
90638,2017,3
90638,2018,2
90638,2019,3
90638,2020,7
90638,2021,6
90638,2022,1
90638,2023,2
90640,2012,3
90640,2013,5
90640,2014,6
90640,2015,4
90640,2016,3
90640,2017,4
90640,2018,15
90640,2019,11
90640,2020,8
90640,2021,18
90640,2022,14
90640,2023,4
90650,2012,8
90650,2013,6
90650,2014,6
90650,2015,7
90650,2016,3
90650,2017,10
90650,2018,14
90650,2019,13
90650,2020,16
90650,2021,19
90650,2022,26
90650,2023,14
90660,2012,4
90660,2013,2
90660,2014,3
90660,2015,1
90660,2016,2
90660,2017,5
90660,2018,3
90660,2019,4
90660,2020,11
90660,2021,12
90660,2022,10
90660,2023,5
90670,2012,1
90670,2013,1
90670,2015,2
90670,2016,2
90670,2017,1
90670,2018,3
90670,2019,5
90670,2020,6
90670,2021,7
90670,2022,8
90670,2023,4
90701,2013,1
90701,2014,1
90701,2015,1
90701,2016,1
90701,2018,3
90701,2020,1
90701,2021,3
90701,2022,5
90701,2023,4
90702,2012,1
90703,2012,2
90703,2014,1
90703,2015,2
90703,2016,1
90703,2018,3
90703,2019,1
90703,2020,5
90703,2021,4
90703,2022,2
90703,2023,3
90704,2013,1
90704,2014,2
90704,2016,2
90704,2021,2
90704,2023,3
90706,2012,3
90706,2013,4
90706,2014,2
90706,2015,3
90706,2016,6
90706,2017,9
90706,2018,7
90706,2019,8
90706,2020,11
90706,2021,17
90706,2022,8
90706,2023,15
90710,2012,2
90710,2013,5
90710,2014,2
90710,2015,3
90710,2016,6
90710,2017,8
90710,2018,2
90710,2019,6
90710,2020,6
90710,2021,11
90710,2022,8
90710,2023,8
90711,2022,1
90712,2012,1
90712,2013,5
90712,2014,5
90712,2015,5
90712,2016,6
90712,2017,5
90712,2018,6
90712,2019,4
90712,2020,10
90712,2021,4
90712,2022,16
90712,2023,5
90713,2016,1
90713,2017,2
90713,2018,1
90713,2019,2
90713,2020,3
90713,2021,6
90713,2023,2
90714,2019,1
90715,2012,1
90715,2013,1
90715,2014,3
90715,2016,1
90715,2017,1
90715,2018,1
90715,2020,2
90715,2021,2
90715,2022,6
90715,2023,3
90716,2012,1
90716,2013,1
90716,2015,3
90716,2016,3
90716,2017,1
90716,2018,3
90716,2019,1
90716,2020,5
90716,2021,3
90716,2022,1
90717,2013,2
90717,2014,2
90717,2017,2
90717,2018,2
90717,2019,3
90717,2020,1
90717,2021,7
90717,2022,5
90717,2023,5
90723,2012,2
90723,2013,1
90723,2014,1
90723,2015,3
90723,2016,2
90723,2017,2
90723,2018,4
90723,2019,7
90723,2020,7
90723,2021,7
90723,2022,5
90723,2023,4
90731,2012,6
90731,2013,5
90731,2014,7
90731,2015,9
90731,2016,1
90731,2017,12
90731,2018,11
90731,2019,13
90731,2020,22
90731,2021,29
90731,2022,34
90731,2023,16
90732,2012,5
90732,2013,2
90732,2014,1
90732,2015,5
90732,2016,3
90732,2018,2
90732,2019,5
90732,2020,2
90732,2021,5
90732,2022,8
90732,2023,5
90744,2012,3
90744,2013,3
90744,2014,5
90744,2015,3
90744,2016,2
90744,2017,4
90744,2018,5
90744,2019,10
90744,2020,12
90744,2021,18
90744,2022,17
90744,2023,10
90745,2012,2
90745,2013,1
90745,2016,3
90745,2017,4
90745,2018,4
90745,2019,2
90745,2020,7
90745,2021,2
90745,2022,11
90745,2023,6
90746,2014,2
90746,2018,1
90746,2019,4
90746,2020,3
90746,2021,2
90746,2022,6
90749,2014,1
90755,2013,1
90755,2014,3
90755,2016,2
90755,2019,5
90755,2020,1
90755,2021,6
90755,2022,1
90801,2016,1
90801,2017,1
90801,2020,2
90802,2012,7
90802,2013,8
90802,2014,4
90802,2015,5
90802,2016,7
90802,2017,4
90802,2018,12
90802,2019,11
90802,2020,18
90802,2021,29
90802,2022,30
90802,2023,15
90803,2012,4
90803,2013,2
90803,2015,4
90803,2016,1
90803,2017,2
90803,2018,4
90803,2019,8
90803,2020,5
90803,2021,8
90803,2022,8
90803,2023,6
90804,2012,2
90804,2013,4
90804,2014,7
90804,2015,7
90804,2016,13
90804,2017,10
90804,2018,8
90804,2019,5
90804,2020,13
90804,2021,19
90804,2022,13
90804,2023,10
90805,2012,7
90805,2013,3
90805,2014,6
90805,2015,6
90805,2016,3
90805,2017,7
90805,2018,4
90805,2019,10
90805,2020,14
90805,2021,23
90805,2022,20
90805,2023,19
90806,2012,8
90806,2013,6
90806,2014,3
90806,2015,4
90806,2016,9
90806,2017,14
90806,2018,12
90806,2019,9
90806,2020,29
90806,2021,26
90806,2022,28
90806,2023,23
90807,2012,2
90807,2013,2
90807,2014,2
90807,2015,2
90807,2016,1
90807,2017,2
90807,2018,2
90807,2019,5
90807,2020,6
90807,2021,5
90807,2022,7
90808,2012,2
90808,2013,4
90808,2014,1
90808,2015,2
90808,2016,2
90808,2018,3
90808,2020,2
90808,2021,5
90808,2022,7
90808,2023,4
90810,2014,4
90810,2015,4
90810,2017,2
90810,2018,4
90810,2019,2
90810,2020,10
90810,2021,11
90810,2022,14
90810,2023,8
90813,2012,7
90813,2013,4
90813,2014,9
90813,2015,16
90813,2016,12
90813,2017,11
90813,2018,16
90813,2019,12
90813,2020,32
90813,2021,47
90813,2022,45
90813,2023,41
90814,2012,1
90814,2013,1
90814,2014,3
90814,2015,4
90814,2016,4
90814,2017,3
90814,2018,1
90814,2019,2
90814,2020,3
90814,2021,2
90814,2022,6
90814,2023,6
90815,2012,1
90815,2013,2
90815,2014,3
90815,2015,1
90815,2016,2
90815,2017,2
90815,2018,4
90815,2019,3
90815,2020,6
90815,2021,10
90815,2022,7
90815,2023,5
90816,2018,1
90822,2017,1
90822,2019,1
90822,2020,1
90831,2018,1
91001,2012,2
91001,2014,1
91001,2015,1
91001,2016,2
91001,2017,4
91001,2018,2
91001,2020,2
91001,2021,5
91001,2022,2
91001,2023,4
91006,2012,2
91006,2013,2
91006,2015,1
91006,2017,1
91006,2018,2
91006,2020,3
91006,2021,5
91006,2022,2
91006,2023,2
91007,2012,4
91007,2013,1
91007,2014,2
91007,2015,2
91007,2016,10
91007,2017,3
91007,2018,2
91007,2019,5
91007,2020,3
91007,2021,12
91007,2022,6
91007,2023,2
91009,2012,1
91010,2012,3
91010,2015,2
91010,2016,1
91010,2018,1
91010,2020,3
91010,2021,2
91010,2022,3
91010,2023,2
91011,2018,1
91011,2019,2
91011,2020,2
91011,2021,2
91011,2022,2
91011,2023,1
91016,2012,2
91016,2014,1
91016,2015,1
91016,2016,1
91016,2017,3
91016,2018,3
91016,2019,4
91016,2020,7
91016,2021,7
91016,2022,5
91016,2023,5
91020,2013,1
91020,2015,3
91020,2016,1
91020,2021,4
91020,2022,2
91024,2013,1
91024,2014,1
91024,2018,1
91024,2019,1
91024,2020,1
91024,2021,4
91024,2022,1
91024,2023,1
91025,2019,1
91030,2014,1
91030,2016,1
91030,2017,1
91030,2020,2
91030,2021,2
91030,2022,2
91031,2019,1
91040,2013,2
91040,2015,2
91040,2016,2
91040,2018,1
91040,2019,3
91040,2020,7
91040,2021,7
91040,2022,7
91040,2023,4
91041,2022,1
91042,2012,3
91042,2013,2
91042,2014,1
91042,2015,2
91042,2016,5
91042,2017,2
91042,2018,5
91042,2019,1
91042,2020,3
91042,2021,9
91042,2022,8
91042,2023,2
91046,2016,1
91050,2019,1
91066,2012,1
91101,2012,2
91101,2013,1
91101,2015,3
91101,2016,5
91101,2017,3
91101,2018,3
91101,2019,3
91101,2020,6
91101,2021,4
91101,2022,9
91101,2023,2
91103,2012,1
91103,2013,1
91103,2014,1
91103,2016,1
91103,2018,2
91103,2019,5
91103,2020,7
91103,2021,3
91103,2022,4
91103,2023,3
91104,2012,4
91104,2013,1
91104,2014,1
91104,2015,2
91104,2016,3
91104,2017,1
91104,2018,2
91104,2019,1
91104,2020,6
91104,2021,5
91104,2022,5
91104,2023,4
91105,2012,3
91105,2014,5
91105,2015,2
91105,2016,2
91105,2017,2
91105,2018,4
91105,2019,4
91105,2020,8
91105,2021,11
91105,2022,4
91105,2023,12
91106,2013,1
91106,2014,1
91106,2015,2
91106,2016,2
91106,2017,1
91106,2020,3
91106,2021,5
91106,2022,5
91106,2023,3
91107,2012,2
91107,2013,1
91107,2014,1
91107,2015,2
91107,2016,3
91107,2017,4
91107,2018,3
91107,2019,3
91107,2020,8
91107,2021,9
91107,2022,8
91107,2023,6
91108,2019,1
91108,2020,1
91109,2013,1
91109,2018,2
91123,2020,1
91201,2014,1
91201,2016,2
91201,2017,4
91201,2020,1
91201,2021,2
91201,2022,1
91201,2023,1
91202,2014,1
91202,2015,1
91202,2016,2
91202,2018,1
91202,2019,1
91202,2020,3
91202,2021,3
91202,2022,1
91202,2023,1
91203,2017,1
91203,2020,1
91203,2021,2
91203,2022,2
91204,2013,1
91204,2014,1
91204,2015,2
91204,2017,3
91204,2018,3
91204,2019,4
91204,2020,6
91204,2021,4
91204,2022,7
91204,2023,6
91205,2012,3
91205,2013,2
91205,2015,3
91205,2016,2
91205,2017,1
91205,2018,2
91205,2020,4
91205,2021,1
91205,2022,1
91205,2023,2
91206,2012,1
91206,2013,3
91206,2015,3
91206,2016,2
91206,2017,6
91206,2018,8
91206,2019,4
91206,2020,6
91206,2021,11
91206,2022,11
91206,2023,1
91207,2015,1
91207,2016,1
91207,2020,1
91207,2022,2
91208,2013,1
91208,2014,1
91208,2016,2
91208,2017,1
91208,2018,2
91208,2019,1
91208,2020,1
91208,2021,3
91208,2022,2
91208,2023,1
91214,2013,1
91214,2014,1
91214,2015,1
91214,2016,1
91214,2018,4
91214,2019,2
91214,2020,3
91214,2021,1
91214,2022,4
91214,2023,1
91301,2013,1
91301,2015,1
91301,2016,1
91301,2017,2
91301,2019,1
91301,2020,4
91301,2021,8
91301,2022,3
91301,2023,3
91302,2014,1
91302,2015,2
91302,2016,1
91302,2017,3
91302,2019,2
91302,2020,3
91302,2021,3
91302,2022,3
91302,2023,2
91303,2012,1
91303,2013,2
91303,2014,3
91303,2015,2
91303,2016,4
91303,2017,5
91303,2018,2
91303,2019,1
91303,2020,10
91303,2021,14
91303,2022,14
91303,2023,8
91304,2012,3
91304,2013,4
91304,2014,4
91304,2015,1
91304,2016,6
91304,2017,4
91304,2018,7
91304,2019,6
91304,2020,10
91304,2021,10
91304,2022,11
91304,2023,4
91306,2012,3
91306,2013,3
91306,2014,3
91306,2015,3
91306,2016,2
91306,2017,4
91306,2018,2
91306,2019,2
91306,2020,6
91306,2021,17
91306,2022,16
91306,2023,7
91307,2012,3
91307,2013,6
91307,2014,2
91307,2015,4
91307,2016,6
91307,2017,7
91307,2018,3
91307,2019,11
91307,2020,9
91307,2021,6
91307,2022,12
91307,2023,13
91311,2012,2
91311,2013,2
91311,2014,3
91311,2015,3
91311,2016,2
91311,2017,6
91311,2018,1
91311,2019,8
91311,2020,3
91311,2021,7
91311,2022,16
91311,2023,12
91316,2012,3
91316,2013,2
91316,2014,1
91316,2015,3
91316,2017,2
91316,2018,6
91316,2019,3
91316,2020,2
91316,2021,7
91316,2022,9
91316,2023,3
91321,2012,1
91321,2013,3
91321,2015,2
91321,2016,2
91321,2018,4
91321,2019,2
91321,2020,4
91321,2021,1
91321,2022,7
91321,2023,2
91324,2012,1
91324,2013,2
91324,2014,1
91324,2015,3
91324,2016,1
91324,2017,3
91324,2018,3
91324,2019,8
91324,2020,5
91324,2021,8
91324,2022,11
91324,2023,7
91325,2012,5
91325,2013,2
91325,2014,3
91325,2015,3
91325,2017,3
91325,2018,5
91325,2019,5
91325,2020,9
91325,2021,9
91325,2022,12
91325,2023,10
91326,2012,1
91326,2014,1
91326,2015,1
91326,2018,3
91326,2019,2
91326,2020,3
91326,2021,5
91326,2022,2
91326,2023,5
91328,2012,1
91328,2013,1
91328,2014,3
91328,2015,1
91328,2016,4
91328,2017,5
91328,2018,2
91328,2019,2
91328,2020,3
91328,2021,6
91328,2022,5
91328,2023,1
91331,2012,3
91331,2013,7
91331,2014,5
91331,2015,4
91331,2016,9
91331,2017,6
91331,2018,7
91331,2019,8
91331,2020,12
91331,2021,19
91331,2022,23
91331,2023,14
91335,2012,1
91335,2013,3
91335,2014,4
91335,2015,6
91335,2016,3
91335,2017,1
91335,2018,8
91335,2019,12
91335,2020,12
91335,2021,25
91335,2022,24
91335,2023,19
91340,2012,2
91340,2014,1
91340,2015,1
91340,2016,3
91340,2017,3
91340,2018,4
91340,2019,4
91340,2020,2
91340,2021,8
91340,2022,9
91340,2023,7
91342,2012,2
91342,2013,5
91342,2014,7
91342,2015,4
91342,2016,7
91342,2017,8
91342,2018,12
91342,2019,4
91342,2020,19
91342,2021,21
91342,2022,20
91342,2023,20
91343,2012,2
91343,2013,3
91343,2014,2
91343,2015,2
91343,2016,1
91343,2017,1
91343,2018,2
91343,2019,7
91343,2020,9
91343,2021,23
91343,2022,22
91343,2023,10
91344,2012,2
91344,2013,5
91344,2014,2
91344,2015,2
91344,2016,7
91344,2017,5
91344,2018,3
91344,2019,4
91344,2020,7
91344,2021,11
91344,2022,12
91344,2023,7
91345,2012,3
91345,2013,2
91345,2014,4
91345,2015,4
91345,2016,5
91345,2017,9
91345,2018,5
91345,2019,6
91345,2020,15
91345,2021,13
91345,2022,12
91345,2023,23
91346,2012,1
91350,2012,2
91350,2013,1
91350,2014,1
91350,2016,3
91350,2017,3
91350,2018,1
91350,2019,1
91350,2020,4
91350,2021,5
91350,2022,7
91350,2023,1
91351,2012,3
91351,2013,3
91351,2014,2
91351,2015,2
91351,2016,2
91351,2017,4
91351,2018,5
91351,2019,2
91351,2020,9
91351,2021,3
91351,2022,2
91351,2023,4
91352,2012,3
91352,2013,6
91352,2014,4
91352,2015,4
91352,2016,3
91352,2017,4
91352,2018,6
91352,2019,7
91352,2020,11
91352,2021,18
91352,2022,34
91352,2023,15
91354,2012,3
91354,2016,1
91354,2017,2
91354,2020,3
91354,2021,1
91354,2022,3
91355,2013,5
91355,2014,6
91355,2015,3
91355,2016,6
91355,2017,6
91355,2018,9
91355,2019,8
91355,2020,4
91355,2021,10
91355,2022,8
91355,2023,14
91356,2012,2
91356,2013,3
91356,2014,3
91356,2015,2
91356,2016,4
91356,2017,9
91356,2018,6
91356,2019,5
91356,2020,15
91356,2021,27
91356,2022,8
91356,2023,6
91361,2014,1
91361,2019,2
91361,2021,2
91361,2022,1
91361,2023,2
91362,2022,1
91362,2023,1
91364,2012,1
91364,2014,2
91364,2015,2
91364,2016,3
91364,2017,5
91364,2018,3
91364,2019,2
91364,2020,5
91364,2021,8
91364,2022,9
91364,2023,8
91365,2015,1
91367,2012,5
91367,2013,1
91367,2014,3
91367,2015,5
91367,2016,4
91367,2017,3
91367,2018,8
91367,2019,9
91367,2020,13
91367,2021,9
91367,2022,14
91367,2023,10
91381,2012,3
91381,2013,1
91381,2014,1
91381,2015,1
91381,2017,1
91381,2018,1
91381,2020,1
91381,2022,3
91384,2014,1
91384,2015,2
91384,2016,2
91384,2017,1
91384,2019,7
91384,2020,6
91384,2021,9
91384,2022,7
91384,2023,1
91387,2012,3
91387,2013,1
91387,2014,1
91387,2015,3
91387,2017,2
91387,2018,4
91387,2019,3
91387,2020,5
91387,2021,12
91387,2022,8
91387,2023,1
91390,2016,1
91390,2017,3
91390,2018,1
91390,2019,1
91390,2020,5
91390,2021,5
91390,2022,5
91390,2023,1
91401,2012,1
91401,2013,7
91401,2014,2
91401,2015,6
91401,2016,3
91401,2017,4
91401,2018,5
91401,2019,2
91401,2020,11
91401,2021,14
91401,2022,13
91401,2023,8
91402,2012,8
91402,2013,5
91402,2014,6
91402,2015,6
91402,2016,3
91402,2017,9
91402,2018,8
91402,2019,9
91402,2020,20
91402,2021,19
91402,2022,26
91402,2023,17
91403,2012,2
91403,2013,3
91403,2014,4
91403,2015,3
91403,2016,2
91403,2017,4
91403,2018,8
91403,2019,8
91403,2020,7
91403,2021,6
91403,2022,11
91403,2023,9
91405,2012,5
91405,2013,1
91405,2014,4
91405,2015,6
91405,2016,5
91405,2017,7
91405,2018,7
91405,2019,8
91405,2020,9
91405,2021,27
91405,2022,30
91405,2023,24
91406,2012,2
91406,2013,4
91406,2014,4
91406,2015,3
91406,2016,8
91406,2017,2
91406,2018,5
91406,2019,6
91406,2020,12
91406,2021,18
91406,2022,21
91406,2023,8
91407,2022,1
91409,2023,1
91411,2015,3
91411,2017,2
91411,2019,6
91411,2020,7
91411,2021,12
91411,2022,8
91411,2023,2
91423,2014,7
91423,2015,5
91423,2016,2
91423,2017,2
91423,2018,1
91423,2020,2
91423,2021,5
91423,2022,7
91423,2023,4
91436,2018,1
91436,2019,1
91436,2020,2
91436,2021,1
91436,2022,4
91436,2023,2
91470,2022,1
91501,2016,1
91501,2017,1
91501,2020,1
91501,2021,1
91501,2022,2
91501,2023,1
91502,2012,3
91502,2015,1
91502,2016,2
91502,2018,1
91502,2020,2
91502,2021,3
91502,2022,8
91502,2023,3
91504,2012,1
91504,2013,1
91504,2014,1
91504,2015,2
91504,2017,1
91504,2019,1
91504,2020,2
91504,2021,5
91504,2022,4
91504,2023,4
91505,2012,3
91505,2013,7
91505,2014,2
91505,2015,7
91505,2016,8
91505,2017,7
91505,2018,6
91505,2019,10
91505,2020,8
91505,2021,10
91505,2022,18
91505,2023,15
91506,2016,2
91506,2017,4
91506,2018,3
91506,2019,4
91506,2020,3
91506,2021,5
91506,2022,4
91506,2023,3
91601,2013,3
91601,2014,5
91601,2015,2
91601,2016,5
91601,2017,3
91601,2018,4
91601,2019,6
91601,2020,13
91601,2021,18
91601,2022,29
91601,2023,16
91602,2016,2
91602,2017,2
91602,2018,4
91602,2019,2
91602,2020,2
91602,2021,6
91602,2022,8
91602,2023,2
91603,2020,1
91604,2012,2
91604,2013,1
91604,2014,1
91604,2015,1
91604,2016,1
91604,2017,2
91604,2018,3
91604,2019,4
91604,2020,10
91604,2021,13
91604,2022,7
91604,2023,6
91605,2013,3
91605,2014,4
91605,2015,4
91605,2016,7
91605,2017,10
91605,2018,5
91605,2019,6
91605,2020,17
91605,2021,13
91605,2022,22
91605,2023,17
91606,2012,3
91606,2013,3
91606,2014,2
91606,2015,3
91606,2017,6
91606,2018,2
91606,2019,3
91606,2020,9
91606,2021,13
91606,2022,15
91606,2023,7
91607,2013,1
91607,2014,2
91607,2015,1
91607,2019,2
91607,2020,2
91607,2021,7
91607,2022,5
91607,2023,1
91608,2012,1
91608,2020,1
91702,2012,1
91702,2013,1
91702,2014,3
91702,2016,2
91702,2018,8
91702,2019,4
91702,2020,10
91702,2021,11
91702,2022,10
91702,2023,9
91706,2012,3
91706,2013,5
91706,2014,5
91706,2015,4
91706,2016,3
91706,2017,3
91706,2018,9
91706,2019,3
91706,2020,16
91706,2021,8
91706,2022,12
91706,2023,12
91711,2012,4
91711,2013,2
91711,2014,1
91711,2015,2
91711,2016,1
91711,2017,2
91711,2018,2
91711,2019,3
91711,2020,6
91711,2021,3
91711,2022,3
91711,2023,3
91722,2013,1
91722,2015,6
91722,2016,3
91722,2017,3
91722,2018,3
91722,2019,5
91722,2020,6
91722,2021,4
91722,2022,6
91722,2023,6
91723,2012,6
91723,2014,1
91723,2015,3
91723,2016,4
91723,2017,3
91723,2018,3
91723,2019,3
91723,2020,10
91723,2021,18
91723,2022,11
91723,2023,9
91724,2014,1
91724,2015,2
91724,2018,1
91724,2019,2
91724,2020,7
91724,2021,3
91724,2022,5
91731,2013,3
91731,2014,2
91731,2015,2
91731,2016,4
91731,2017,1
91731,2018,5
91731,2019,4
91731,2020,7
91731,2021,6
91731,2022,6
91731,2023,4
91732,2012,1
91732,2013,2
91732,2014,1
91732,2015,2
91732,2016,3
91732,2017,2
91732,2018,4
91732,2019,4
91732,2020,11
91732,2021,6
91732,2022,11
91732,2023,7
91733,2012,1
91733,2013,1
91733,2014,3
91733,2015,3
91733,2016,7
91733,2017,3
91733,2018,3
91733,2019,5
91733,2020,7
91733,2021,6
91733,2022,11
91733,2023,9
91740,2012,2
91740,2013,2
91740,2014,1
91740,2016,5
91740,2017,1
91740,2018,2
91740,2019,2
91740,2021,5
91740,2022,7
91740,2023,5
91741,2012,1
91741,2013,3
91741,2014,5
91741,2015,3
91741,2016,2
91741,2017,3
91741,2018,4
91741,2019,2
91741,2020,2
91741,2021,7
91741,2022,5
91741,2023,5
91742,2018,1
91744,2012,3
91744,2013,6
91744,2014,5
91744,2015,6
91744,2016,4
91744,2017,2
91744,2018,5
91744,2019,5
91744,2020,8
91744,2021,8
91744,2022,16
91744,2023,11
91745,2012,1
91745,2013,1
91745,2014,3
91745,2015,2
91745,2016,1
91745,2018,3
91745,2019,5
91745,2020,4
91745,2021,7
91745,2022,5
91745,2023,2
91746,2012,1
91746,2013,6
91746,2014,2
91746,2015,1
91746,2017,2
91746,2018,2
91746,2020,6
91746,2021,5
91746,2022,9
91746,2023,2
91747,2020,1
91747,2023,1
91748,2015,1
91748,2018,1
91748,2019,1
91748,2020,4
91748,2021,7
91748,2022,2
91748,2023,2
91750,2013,2
91750,2015,2
91750,2016,3
91750,2017,2
91750,2018,1
91750,2020,3
91750,2021,3
91750,2022,5
91750,2023,3
91754,2012,2
91754,2013,2
91754,2014,4
91754,2015,2
91754,2016,1
91754,2017,2
91754,2018,2
91754,2019,3
91754,2020,5
91754,2021,7
91754,2022,12
91754,2023,11
91755,2012,1
91755,2018,2
91755,2019,2
91755,2020,2
91755,2021,2
91755,2022,1
91759,2016,1
91765,2016,1
91765,2017,2
91765,2018,1
91765,2019,1
91765,2020,1
91765,2021,1
91765,2022,2
91765,2023,6
91766,2012,2
91766,2013,2
91766,2014,4
91766,2015,4
91766,2016,4
91766,2017,4
91766,2018,7
91766,2019,7
91766,2020,13
91766,2021,20
91766,2022,10
91766,2023,9
91767,2012,14
91767,2013,5
91767,2014,4
91767,2015,6
91767,2016,13
91767,2017,9
91767,2018,16
91767,2019,22
91767,2020,18
91767,2021,31
91767,2022,29
91767,2023,32
91768,2012,2
91768,2014,1
91768,2015,5
91768,2016,2
91768,2017,3
91768,2018,3
91768,2019,2
91768,2020,11
91768,2021,10
91768,2022,6
91768,2023,5
91770,2012,1
91770,2015,1
91770,2016,2
91770,2017,2
91770,2018,1
91770,2019,2
91770,2020,6
91770,2021,8
91770,2022,8
91770,2023,9
91773,2012,2
91773,2014,1
91773,2015,3
91773,2016,9
91773,2017,1
91773,2018,2
91773,2019,3
91773,2020,6
91773,2021,14
91773,2022,10
91773,2023,8
91775,2013,1
91775,2016,1
91775,2018,2
91775,2019,1
91775,2020,2
91775,2021,1
91775,2023,2
91776,2012,1
91776,2013,1
91776,2014,1
91776,2015,2
91776,2016,2
91776,2017,2
91776,2018,2
91776,2019,1
91776,2020,3
91776,2021,5
91776,2022,4
91780,2012,2
91780,2015,2
91780,2017,1
91780,2018,1
91780,2019,1
91780,2020,2
91780,2021,2
91780,2022,1
91780,2023,3
91789,2012,2
91789,2013,2
91789,2014,1
91789,2016,1
91789,2017,1
91789,2018,1
91789,2019,1
91789,2020,2
91789,2021,3
91789,2022,3
91790,2012,5
91790,2013,2
91790,2014,1
91790,2015,4
91790,2016,4
91790,2017,9
91790,2018,2
91790,2019,6
91790,2020,12
91790,2021,8
91790,2022,16
91790,2023,8
91791,2013,2
91791,2015,3
91791,2016,4
91791,2018,3
91791,2019,3
91791,2020,2
91791,2021,8
91791,2022,5
91791,2023,3
91792,2013,2
91792,2016,1
91792,2017,2
91792,2018,2
91792,2019,2
91792,2020,1
91792,2021,3
91792,2022,2
91792,2023,4
91801,2014,1
91801,2015,2
91801,2016,4
91801,2017,3
91801,2018,4
91801,2019,4
91801,2020,6
91801,2021,4
91801,2022,4
91801,2023,6
91803,2014,1
91803,2016,1
91803,2018,1
91803,2019,1
91803,2020,3
91803,2021,3
91803,2022,4
91803,2023,1
92397,2020,1
93243,2013,1
93243,2021,1
93243,2023,1
93510,2016,2
93510,2020,4
93510,2021,2
93510,2022,1
93510,2023,2
93532,2012,1
93532,2014,1
93532,2015,1
93532,2017,1
93532,2019,1
93532,2021,1
93532,2023,2
93534,2012,6
93534,2013,12
93534,2014,14
93534,2015,22
93534,2016,18
93534,2017,29
93534,2018,17
93534,2019,21
93534,2020,33
93534,2021,34
93534,2022,40
93534,2023,41
93535,2012,3
93535,2013,6
93535,2014,5
93535,2015,6
93535,2016,8
93535,2017,7
93535,2018,12
93535,2019,6
93535,2020,20
93535,2021,24
93535,2022,30
93535,2023,10
93536,2012,2
93536,2013,2
93536,2014,7
93536,2015,4
93536,2016,11
93536,2018,9
93536,2019,16
93536,2020,11
93536,2021,16
93536,2022,19
93536,2023,12
93543,2012,2
93543,2013,3
93543,2015,1
93543,2016,1
93543,2017,1
93543,2018,3
93543,2019,2
93543,2020,5
93543,2021,6
93543,2022,7
93543,2023,4
93544,2013,1
93544,2015,1
93544,2016,1
93544,2018,1
93544,2020,1
93544,2021,1
93544,2022,2
93550,2012,3
93550,2013,3
93550,2014,6
93550,2015,11
93550,2016,5
93550,2017,9
93550,2018,8
93550,2019,8
93550,2020,36
93550,2021,20
93550,2022,20
93550,2023,9
93551,2012,3
93551,2013,2
93551,2014,2
93551,2015,6
93551,2016,5
93551,2017,7
93551,2018,9
93551,2019,7
93551,2020,20
93551,2021,28
93551,2022,13
93551,2023,17
93552,2013,1
93552,2014,2
93552,2015,1
93552,2016,3
93552,2017,3
93552,2018,1
93552,2019,3
93552,2020,5
93552,2021,4
93552,2022,5
93552,2023,2
93553,2013,1
93553,2018,2
93553,2019,2
93553,2020,1
93553,2021,3
93553,2022,2
93553,2023,2
93563,2022,1
93591,2017,1
93591,2021,1
93591,2022,1
93591,2023,2
